recipe,file,status,assumed_portions,old_kcal,new_kcal,kcal_delta_pct,old_p,new_p,old_c,new_c,old_f,new_f,unresolved
"Steak & Sweet Potato Power Bowl","20260427090000_recipes_schema_and_seed.sql",apply,4,720,920,28,58,72.1,65,52.4,22,51.5,""
"Greek Yoghurt Protein Pancakes","20260427090000_recipes_schema_and_seed.sql",apply,1,510,655,28,40,43.4,55,56.5,12,27.8,""
"Salmon & Quinoa Muscle Plate","20260427090000_recipes_schema_and_seed.sql",apply,6,680,830,22,52,60.8,58,56.7,20,39.1,""
"Chicken Burrito Bowl","20260427090000_recipes_schema_and_seed.sql",apply,6,750,1031,37,55,77.6,80,109.8,16,31.8,""
"Mass-Gain Overnight Oats","20260427090000_recipes_schema_and_seed.sql",apply,1,620,794,28,38,51.6,72,93.2,18,27.6,""
"Beef & Lentil Bolognese","20260427090000_recipes_schema_and_seed.sql",apply,7,780,1220,56,60,85.6,78,135.1,18,35.8,""
"Egg White & Turkey Omelette","20260427090000_recipes_schema_and_seed.sql",apply,4,440,322,-27,50,47.8,6,14.8,14,9.2,""
"Tuna Protein Rice Cakes","20260427090000_recipes_schema_and_seed.sql",apply,4,310,342,10,38,53,22,22.4,6,4.2,""
"Cottage Cheese Protein Bowl","20260427090000_recipes_schema_and_seed.sql",apply,1,380,566,49,32,35.8,24,38.2,16,31.9,""
"Chicken Thigh & Veggie Stir-Fry","20260427090000_recipes_schema_and_seed.sql",apply,6,640,902,41,48,83.2,55,62.1,15,37,""
"Grilled Chicken & Kale Caesar","20260427090000_recipes_schema_and_seed.sql",apply,6,420,757,80,45,94.9,12,39.6,18,28.9,""
"Spiced Egg & Veggie Scramble","20260427090000_recipes_schema_and_seed.sql",apply,6,310,333,7,24,24.4,14,24.1,16,16.3,""
"Zucchini Noodles & Turkey Bolognese","20260427090000_recipes_schema_and_seed.sql",apply,6,350,546,56,38,63.6,12,27.5,12,22.1,""
"White Fish Tacos with Slaw","20260427090000_recipes_schema_and_seed.sql",apply,8,380,513,35,32,51.3,38,64.1,10,8.7,""
"Berry Protein Smoothie","20260427090000_recipes_schema_and_seed.sql",apply,1,300,329,10,30,11.9,32,56.3,4,7.5,""
"Baked Cod & Roasted Asparagus","20260427090000_recipes_schema_and_seed.sql",apply,8,340,287,-16,38,38.8,8,7,14,11.8,""
"Turkey Lettuce Wraps","20260427090000_recipes_schema_and_seed.sql",apply,9,290,405,40,30,59.4,14,15.6,10,12.5,""
"Greek Salad with Grilled Shrimp","20260427090000_recipes_schema_and_seed.sql",apply,7,360,590,64,34,56.3,16,16.6,16,34.1,""
"Egg & Spinach Stuffed Peppers","20260427090000_recipes_schema_and_seed.sql",apply,5,270,576,113,22,48.1,10,30.5,16,32.1,""
"Miso Soup with Edamame & Tofu","20260427090000_recipes_schema_and_seed.sql",apply,3,160,329,106,14,32.7,10,25.7,5,12.2,""
"Mediterranean Tuna Salad","20260427090000_recipes_schema_and_seed.sql",apply,6,390,540,38,36,55.7,28,45.4,12,17.5,""
"Avocado Egg Toast","20260427090000_recipes_schema_and_seed.sql",apply,5,410,595,45,20,23.3,38,47.8,20,37,""
"Teriyaki Salmon Rice Bowl","20260427090000_recipes_schema_and_seed.sql",apply,7,580,847,46,42,57.7,55,74.9,16,34.1,""
"Pesto Chicken & Roasted Tomato Pasta","20260427090000_recipes_schema_and_seed.sql",apply,8,560,876,56,42,76.9,60,79.7,14,29.1,""
"Lean Turkey Stuffed Peppers","20260427090000_recipes_schema_and_seed.sql",apply,5,480,845,76,40,82.1,44,63.1,13,29.8,""
"Chlorophyll Green Smoothie Bowl","20260427090000_recipes_schema_and_seed.sql",apply,4,370,746,102,18,48,52,105,8,20.9,""
"Asian-Style Prawn Noodle Salad","20260427090000_recipes_schema_and_seed.sql",apply,10,420,759,81,30,50,50,119,10,12.4,""
"Cauliflower Fried Rice","20260427090000_recipes_schema_and_seed.sql",apply,8,320,511,60,22,40.5,22,31.4,14,26.2,""
"Lean Chicken Soup","20260427090000_recipes_schema_and_seed.sql",apply,7,340,617,81,36,73.4,28,59.2,6,9.4,""
"Edamame & Quinoa Power Salad","20260427090000_recipes_schema_and_seed.sql",apply,7,440,767,74,22,42.8,58,102.4,14,24.6,""
"Asian-inspired Egg Whites with Cauliflower Rice & Cucumber","20260701120000_seed_owner_keto_meals.sql",apply,2,218,265,22,19,20.4,10.4,13.4,10.5,15.8,""
"Garlic & chilli Bacon (Smoked Back) with Cabbage (Shredded) & Kale","20260701120000_seed_owner_keto_meals.sql",apply,2,545,444,-19,36,33.3,6.3,11.3,40.3,31,""
"Lemon herb Bacon (Smoked Back) with Cauliflower Rice & Asparagus Tips","20260701120000_seed_owner_keto_meals.sql",apply,2,586,464,-21,35.6,31.8,9.4,12.8,44.6,34,""
"BBQ Salmon Fillet with Cauliflower Rice & Celery","20260701120000_seed_owner_keto_meals.sql",apply,2,322,318,-1,32,26.6,7,8.7,18.8,19,""
"Lemon herb Egg Whites with Cabbage (Shredded) & Leeks","20260701120000_seed_owner_keto_meals.sql",apply,2,224,267,19,18.2,19.8,11,24.4,11.1,11.4,""
"Asian-inspired Salmon Fillet with Cauliflower Rice & Olives","20260701120000_seed_owner_keto_meals.sql",apply,2,468,581,24,31.6,27.3,5.2,10.2,35.8,47.9,""
"Garlic & chilli Whole Eggs with Broccoli Florets & Baby Spinach","20260701120000_seed_owner_keto_meals.sql",apply,2,319,317,-1,25.4,28.2,8.9,12.5,19.3,18,""
"Indian-spiced Firm Tofu with Courgette Noodles (Zoodles) & Mixed Salad Leaves","20260701120000_seed_owner_keto_meals.sql",apply,2,322,327,2,25.6,27.3,11.3,14,21,21.3,""
"Garlic & chilli Salmon Fillet with Broccoli Florets & Courgette","20260701120000_seed_owner_keto_meals.sql",apply,2,377,383,2,37.2,32.8,7.9,10.6,22.5,22.9,""
"Moroccan-spiced Egg Whites with Cabbage (Shredded) & Kale","20260701120000_seed_owner_keto_meals.sql",apply,2,246,266,8,14.4,17.4,6.8,11.5,16.5,18,""
"Asian-inspired Bacon (Smoked Back) with Broccoli Florets & Asparagus Tips","20260701120000_seed_owner_keto_meals.sql",apply,2,588,515,-12,36.4,33.4,12,14.2,43.9,38.4,""
"Mediterranean Bacon (Smoked Back) with Courgette Noodles (Zoodles) & Cauliflower","20260701120000_seed_owner_keto_meals.sql",apply,2,577,463,-20,34.4,30.4,8.7,13.1,44.6,34.2,""
"Moroccan-spiced Bacon (Smoked Back) with Cauliflower Rice & Baby Spinach","20260701120000_seed_owner_keto_meals.sql",apply,2,586,469,-20,35.6,32.5,9.4,13.4,44.6,34.3,""
"Moroccan-spiced Firm Tofu with Cabbage (Shredded) & Baby Spinach","20260701120000_seed_owner_keto_meals.sql",apply,2,334,342,2,25.4,28.4,12.6,17.4,21.7,21.7,""
"Italian herb Egg Whites with Broccoli Florets & Olives","20260701120000_seed_owner_keto_meals.sql",apply,2,286,348,22,15.4,16.5,8.4,11.8,20.6,27.5,""
"Moroccan-spiced Salmon Fillet with Cabbage (Shredded) & Celery","20260701120000_seed_owner_keto_meals.sql",apply,2,468,469,0,31,25.8,6,9.3,35.7,35.9,""
"Indian-spiced Bacon (Smoked Back) with Cauliflower Rice & Red Onion","20260701120000_seed_owner_keto_meals.sql",apply,2,545,448,-18,36.6,32,5.5,14.4,40.4,30.2,""
"Lemon herb Firm Tofu with Courgette Noodles (Zoodles) & Baby Spinach","20260701120000_seed_owner_keto_meals.sql",apply,2,385,390,1,21.4,24.3,6.9,10.1,31,31.1,""
"Garlic & chilli Salmon Fillet with Cauliflower Rice & Mixed Salad Leaves","20260701120000_seed_owner_keto_meals.sql",apply,2,411,417,1,35.6,31.3,9.4,13.1,26.6,26.9,""
"Creamy herb Halloumi with Courgette Noodles (Zoodles) & Leeks","20260701120000_seed_owner_keto_meals.sql",apply,2,627,707,13,33.4,29.1,5.1,19.7,51.4,57.7,""
"Peri-peri Salmon Fillet with Broccoli Florets & Kale","20260701120000_seed_owner_keto_meals.sql",apply,2,365,383,5,33.4,30.4,8.4,11.6,22.7,24.2,""
"Indian-spiced Salmon Fillet with Courgette Noodles (Zoodles) & Chestnut Mushrooms","20260701120000_seed_owner_keto_meals.sql",apply,2,460,470,2,31,28.4,4.5,6.7,35.8,36.6,""
"Italian herb Firm Tofu with Broccoli Florets & Green Beans","20260701120000_seed_owner_keto_meals.sql",apply,2,339,351,4,26,27.9,14.2,19.9,21.9,21.7,""
"Moroccan-spiced Egg Whites with Cauliflower Rice & Kale","20260701120000_seed_owner_keto_meals.sql",apply,2,281,301,7,14.8,17.7,6,10.9,20.5,22,""
"Asian-inspired Bacon (Smoked Back) with Broccoli Florets & Kale","20260701120000_seed_owner_keto_meals.sql",apply,2,540,483,-11,33.4,31.1,8.4,11.1,40.7,36.6,""
"Garlic & chilli Egg Whites with Cauliflower Rice & Cauliflower","20260701120000_seed_owner_keto_meals.sql",apply,2,189,203,7,22.4,24.6,6,12.6,6.3,6.6,""
"Moroccan-spiced Salmon Fillet with Courgette Noodles (Zoodles) & Baby Spinach","20260701120000_seed_owner_keto_meals.sql",apply,2,427,435,2,31.1,28.1,4.5,7.7,32,32.5,""
"Peri-peri Egg Whites with Broccoli Florets & Cauliflower","20260701120000_seed_owner_keto_meals.sql",apply,2,196,204,4,23,25,8.4,13,6.4,6.7,""
"Cajun Egg Whites with Cauliflower Rice & Avocado Slices","20260701120000_seed_owner_keto_meals.sql",apply,2,220,366,66,19.8,22,10,18.4,10.5,25.7,""
"Garlic & chilli Whole Eggs with Courgette Noodles (Zoodles) & Olives","20260701120000_seed_owner_keto_meals.sql",apply,2,339,394,16,20,20.9,10,15.1,24.2,29.4,""
"Italian herb Firm Tofu with Cauliflower Rice & Kale","20260701120000_seed_owner_keto_meals.sql",apply,2,245,260,6,22.4,25.3,9.4,13.5,14,15.2,""
"Asian-inspired Egg Whites with Courgette Noodles (Zoodles) & Celery","20260701120000_seed_owner_keto_meals.sql",apply,2,186,234,26,14.6,16,5.9,7.5,10.1,15.5,""
"BBQ Bacon (Smoked Back) with Cabbage (Shredded) & Cauliflower","20260701120000_seed_owner_keto_meals.sql",apply,2,497,377,-24,31.4,27.3,7.8,11.3,36.7,26.2,""
"Peri-peri Salmon Fillet with Cauliflower Rice & Cherry Tomatoes","20260701120000_seed_owner_keto_meals.sql",apply,2,322,323,0,32,26.9,7,10.7,18.8,19.1,""
"Mexican-style Egg Whites with Courgette Noodles (Zoodles) & Celery","20260701120000_seed_owner_keto_meals.sql",apply,2,217,221,2,18.2,19.2,9.5,11.4,11.3,11.9,""
"Mexican-style Mackerel with Broccoli Florets & Courgette","20260701120000_seed_owner_keto_meals.sql",apply,2,585,589,1,31.3,32.9,9,10.6,46.3,47.1,""
"Asian-inspired Chicken Breast with Cauliflower Rice & Avocado Slices","20260701120000_seed_owner_keto_meals.sql",apply,2,393,585,49,54.8,57.5,6.3,14.4,14,34.2,""
"Mexican-style Chicken Thigh (Skin-On) with Courgette Noodles (Zoodles) & Olives","20260701120000_seed_owner_keto_meals.sql",apply,2,535,566,6,43.5,47.8,10.1,14.6,35.3,36.5,""
"Creamy herb King Prawns with Shirataki Noodles & Olives","20260701120000_seed_owner_keto_meals.sql",apply,2,323,432,34,41.3,36.9,10.8,14.6,13,27.4,""
"Indian-spiced Pork Tenderloin with Turnip (Roasted) & Baby Spinach","20260701120000_seed_owner_keto_meals.sql",apply,2,375,385,3,40.4,43.6,9.1,11.6,17.4,18.2,""
"Asian-inspired Haddock Fillet with Cauliflower Rice & Mixed Salad Leaves","20260701120000_seed_owner_keto_meals.sql",apply,2,373,384,3,33.7,28.8,6,8.5,21.5,26.7,""
"BBQ Haddock Fillet with Courgette Noodles (Zoodles) & Green Beans","20260701120000_seed_owner_keto_meals.sql",apply,2,409,382,-7,32.7,27.5,5.1,10.1,26.2,26.2,""
"Garlic & chilli Turkey Breast with Celeriac Mash & Tenderstem Broccoli","20260701120000_seed_owner_keto_meals.sql",apply,2,444,442,-0,45.4,40.3,11,17.5,22.8,24,""
"Cajun Lamb Leg with Swede (Mashed) & Cherry Tomatoes","20260701120000_seed_owner_keto_meals.sql",apply,2,551,570,3,38.5,39.8,9.9,13.6,38.7,40.7,""
"Creamy herb Haddock Fillet with Turnip (Roasted) & Mixed Salad Leaves","20260701120000_seed_owner_keto_meals.sql",apply,2,237,264,11,32.9,27.5,10.7,12,4.8,12,""
"Peri-peri Beef Ribeye Steak with Shirataki Noodles & Mixed Peppers","20260701120000_seed_owner_keto_meals.sql",apply,2,615,594,-3,40.3,41.5,10.3,15.4,46.5,42.3,""
"Peri-peri Chicken Thigh (Skin-On) with Shirataki Noodles & Mixed Peppers","20260701120000_seed_owner_keto_meals.sql",apply,2,604,576,-5,36,40.3,5,10.1,47.5,41.7,""
"Italian herb Cod Fillet with Broccoli Florets & Kale","20260701120000_seed_owner_keto_meals.sql",apply,2,359,340,-5,43.6,39,14,16.1,14,15.5,""
"Peri-peri Egg Whites with Turnip (Roasted) & Tenderstem Broccoli","20260701120000_seed_owner_keto_meals.sql",apply,2,234,248,6,26.9,29.6,9.5,15.9,7.7,8,""
"Indian-spiced Pork Tenderloin with Cauliflower Rice & Avocado Slices","20260701120000_seed_owner_keto_meals.sql",apply,2,481,628,31,41,43.3,6,14.4,30.6,46,""
"Garlic & chilli Lamb Leg with Courgette Noodles (Zoodles) & Green Beans","20260701120000_seed_owner_keto_meals.sql",apply,2,486,523,8,38.9,41.1,5.1,12.1,34.1,35.7,""
"Peri-peri Pork Tenderloin with Broccoli Florets & Baby Spinach","20260701120000_seed_owner_keto_meals.sql",apply,2,416,422,1,48.1,51,14,16.3,18.2,18.6,""
"Mediterranean Sardines with Broccoli Florets & Green Beans","20260701120000_seed_owner_keto_meals.sql",apply,2,515,531,3,44.6,46.5,14.3,20.2,30.4,31.3,""
"Creamy herb Beef Ribeye Steak with Broccoli Florets & Cherry Tomatoes","20260701120000_seed_owner_keto_meals.sql",apply,2,576,612,6,40.3,41.5,10,12.1,41.9,44.8,""
"Lemon herb Pork Tenderloin with Turnip (Roasted) & Olives","20260701120000_seed_owner_keto_meals.sql",apply,2,375,438,17,40.4,41.4,9.1,13.4,17.4,24.3,""
"Lemon herb Whole Eggs with Turnip (Roasted) & Mixed Salad Leaves","20260701120000_seed_owner_keto_meals.sql",apply,2,321,302,-6,20.9,21.7,12.3,13.2,20.4,18.3,""
"Cajun Firm Tofu with Turnip (Roasted) & Red Onion","20260701120000_seed_owner_keto_meals.sql",apply,2,350,375,7,27.9,29.3,12.4,22,22.1,22,""
"Indian-spiced Lamb Leg with Cabbage (Shredded) & Red Onion","20260701120000_seed_owner_keto_meals.sql",apply,2,460,504,10,44.1,45.5,12.5,21.5,26.1,28.1,""
"Cajun Mackerel with Cabbage (Shredded) & Tenderstem Broccoli","20260701120000_seed_owner_keto_meals.sql",apply,2,438,455,4,31.3,34.2,8,14.2,29.5,30.2,""
"Mediterranean Pork Belly (Slow-Roasted) with Cabbage (Shredded) & Red Onion","20260701120000_seed_owner_keto_meals.sql",apply,2,723,933,29,29.8,18,8,17.5,61.1,88.3,""
"Mediterranean Whole Eggs with Broccoli Florets & Mixed Peppers","20260701120000_seed_owner_keto_meals.sql",apply,2,508,501,-1,22.3,22.9,10.7,15,41.9,40,""
"Italian herb King Prawns with Broccoli Florets & Asparagus Tips","20260701120000_seed_owner_keto_meals.sql",apply,2,351,331,-6,43.1,39.5,14.6,15.8,14.4,14.8,""
"Mediterranean Halloumi with Broccoli Florets & Chestnut Mushrooms","20260701120000_seed_owner_keto_meals.sql",apply,2,752,722,-4,43.4,39.3,9.8,14.6,59.7,58.5,""
"Peri-peri Salmon Fillet with Swede (Mashed) & Mixed Salad Leaves","20260701120000_seed_owner_keto_meals.sql",apply,2,593,592,-0,38.5,32.6,9.9,12.6,44.7,44.9,""
"Lemon herb Firm Tofu with Celeriac Mash & Red Onion","20260701120000_seed_owner_keto_meals.sql",apply,2,390,422,8,27.8,28.6,14.7,23.9,25.8,26.4,""
"Cajun Bacon (Smoked Back) with Celeriac Mash & Green Beans","20260701120000_seed_owner_keto_meals.sql",apply,2,740,611,-17,45.6,39.8,16,22.1,54.8,42.6,""
"Mexican-style Firm Tofu with Turnip (Roasted) & Mixed Peppers","20260701120000_seed_owner_keto_meals.sql",apply,2,350,363,4,27.9,29.3,12.4,18.5,22.1,22.4,""
"Peri-peri Firm Tofu with Swede (Mashed) & Cucumber","20260701120000_seed_owner_keto_meals.sql",apply,2,419,416,-1,31.8,32.6,18.4,23,26.2,25.9,""
"Moroccan-spiced Mackerel with Celeriac Mash & Baby Spinach","20260701120000_seed_owner_keto_meals.sql",apply,2,521,539,3,35.3,38,16.3,19.5,34.7,36.1,""
"Peri-peri Pork Belly (Slow-Roasted) with Turnip (Roasted) & Cauliflower","20260701120000_seed_owner_keto_meals.sql",apply,2,753,945,25,28.4,17.2,9.1,13.2,64.6,91.9,""
"Moroccan-spiced King Prawns with Swede (Mashed) & Mixed Salad Leaves","20260701120000_seed_owner_keto_meals.sql",apply,2,386,366,-5,37.2,33,10.2,13.1,20.9,21.4,""
"BBQ Firm Tofu with Celeriac Mash & Cucumber","20260701120000_seed_owner_keto_meals.sql",apply,2,364,369,1,28.8,29.2,15,17.8,22.3,22.8,""
"Mediterranean Sardines with Turnip (Roasted) & Celery","20260701120000_seed_owner_keto_meals.sql",apply,2,446,447,0,39.9,40.8,9.4,11.8,25.1,26.1,""
"Moroccan-spiced Mackerel with Celeriac Mash & Cucumber","20260701120000_seed_owner_keto_meals.sql",apply,2,482,492,2,30.8,31.2,11.7,14.9,33.2,34.3,""
"Asian-inspired Sardines with Broccoli Florets & Courgette","20260701120000_seed_owner_keto_meals.sql",apply,2,515,564,10,44.6,46.6,14.3,15.6,30.4,36.7,""
"Indian-spiced Pork Belly (Slow-Roasted) with Swede (Mashed) & Tenderstem Broccoli","20260701120000_seed_owner_keto_meals.sql",apply,2,830,1032,24,28.2,18.2,9.9,15.8,73,100.7,""
"Peri-peri Whole Eggs with Broccoli Florets & Cherry Tomatoes","20260701120000_seed_owner_keto_meals.sql",apply,2,394,377,-4,31.8,32.2,10.7,13.7,24.2,22.1,""
"Peri-peri Chicken Thigh (Skin-On) with Shirataki Noodles & Avocado Slices","20260701120000_seed_owner_keto_meals.sql",apply,2,467,572,22,37.5,42.8,6,13.6,31,39.9,""
"Lemon herb Haddock Fillet with Broccoli Florets & Courgette","20260701120000_seed_owner_keto_meals.sql",apply,2,351,313,-11,38.6,32.7,14.3,15.6,14.8,15,""
"Garlic & chilli Chicken Thigh (Skin-On) with Cabbage (Shredded) & Courgette","20260701120000_seed_owner_keto_meals.sql",apply,2,497,465,-6,43.6,48.1,7.3,11.2,30.9,25,""
"Mexican-style Sardines with Cauliflower Rice & Mixed Peppers","20260701120000_seed_owner_keto_meals.sql",apply,2,607,620,2,53.4,54.6,13.1,19.2,36.4,38,""
"Garlic & chilli Chicken Breast with Courgette Noodles (Zoodles) & Green Beans","20260701120000_seed_owner_keto_meals.sql",apply,2,458,478,4,64.7,66.9,6.1,13.1,16.7,16.9,""
"Indian-spiced Tuna Steak with Turnip (Roasted) & Leeks","20260701120000_seed_owner_keto_meals.sql",apply,2,412,419,2,60.8,54.4,10.1,23,12.4,11.7,""
"Lemon herb Halloumi with Swede (Mashed) & Cherry Tomatoes","20260701120000_seed_owner_keto_meals.sql",apply,2,865,819,-5,57.3,49.4,18.4,24.9,62,60.5,""
"Peri-peri Bacon (Smoked Back) with Swede (Mashed) & Courgette","20260701120000_seed_owner_keto_meals.sql",apply,2,970,782,-19,46.2,38.6,11.5,14.5,80.6,64.8,""
"Mediterranean Salmon Fillet with Broccoli Florets & Red Onion","20260701120000_seed_owner_keto_meals.sql",apply,2,565,590,4,59.8,52,10.4,19.8,32.6,32.8,""
"Creamy herb King Prawns with Cabbage (Shredded) & Avocado Slices","20260701120000_seed_owner_keto_meals.sql",apply,2,496,679,37,44.8,40,8.4,16,30.7,53.2,""
"Garlic & chilli Egg Whites with Cabbage (Shredded) & Tenderstem Broccoli","20260701120000_seed_owner_keto_meals.sql",apply,2,326,346,6,27.4,30.3,15.6,22.8,16.7,17,""
"Garlic & chilli Pork Tenderloin with Cauliflower Rice & Kale","20260701120000_seed_owner_keto_meals.sql",apply,2,410,434,6,51,54.2,8,13.6,16.9,18.4,""
"Asian-inspired Pork Belly (Slow-Roasted) with Swede (Mashed) & Celery","20260701120000_seed_owner_keto_meals.sql",apply,2,879,1147,30,35.4,21.4,12.7,15.2,73.4,111.2,""
"Lemon herb Pork Belly (Slow-Roasted) with Swede (Mashed) & Leeks","20260701120000_seed_owner_keto_meals.sql",apply,2,992,1255,27,33.8,19.9,11.5,25,87.5,120.3,""
"Asian-inspired Halloumi with Shirataki Noodles & Red Onion","20260701120000_seed_owner_keto_meals.sql",apply,2,920,947,3,48.6,41.7,6.5,17.5,76.8,80.3,""
"Italian herb Chicken Breast with Courgette Noodles (Zoodles) & Baby Spinach","20260701120000_seed_owner_keto_meals.sql",apply,2,472,476,1,57.9,60.7,6.5,8.2,21.2,21.7,""
"Italian herb Egg Whites with Courgette Noodles (Zoodles) & Cucumber","20260701120000_seed_owner_keto_meals.sql",apply,2,263,259,-2,32.6,33.4,7,9.9,9.4,9.5,""
"Lemon herb Salmon Fillet with Swede (Mashed) & Celery","20260701120000_seed_owner_keto_meals.sql",apply,2,622,619,-0,52.2,44.1,17.8,20.3,39.8,40.1,""
"Indian-spiced Tuna Steak with Shirataki Noodles & Baby Spinach","20260701120000_seed_owner_keto_meals.sql",apply,2,404,373,-8,52.8,47.9,6.4,8.9,16.7,16.1,""
"Mediterranean Lean Beef Mince (5%) with Shirataki Noodles & Green Beans","20260701120000_seed_owner_keto_meals.sql",apply,2,519,672,29,54.9,55.3,12.2,18.6,27.6,42.2,""
"Creamy herb Bacon (Smoked Back) with Cauliflower Rice & Mixed Peppers","20260701120000_seed_owner_keto_meals.sql",apply,2,790,677,-14,49.2,41.4,8,13.8,61,52.3,""
"Italian herb Salmon Fillet with Celeriac Mash & Celery","20260701120000_seed_owner_keto_meals.sql",apply,2,712,721,1,47.2,38.6,12.8,13.9,53.8,55.1,""
"Garlic & chilli Chicken Thigh (Skin-On) with Celeriac Mash & Olives","20260701120000_seed_owner_keto_meals.sql",apply,2,668,705,6,52.9,57.5,18.8,24.4,42.4,43,""
"Asian-inspired Egg Whites with Courgette Noodles (Zoodles) & Asparagus Tips","20260701120000_seed_owner_keto_meals.sql",apply,2,308,360,17,27.5,30.5,13.6,16.1,15.7,21,""
"Mexican-style Pork Tenderloin with Swede (Mashed) & Mixed Salad Leaves","20260701120000_seed_owner_keto_meals.sql",apply,2,588,592,1,48,49.9,11.5,14.1,36.5,37.2,""
"Mexican-style King Prawns with Swede (Mashed) & Green Beans","20260701120000_seed_owner_keto_meals.sql",apply,2,509,501,-2,44.4,39.7,11.8,18.2,30.8,31.7,""
"Indian-spiced Egg Whites with Cabbage (Shredded) & Cherry Tomatoes","20260701120000_seed_owner_keto_meals.sql",apply,2,411,417,1,21.4,22.6,9.3,13,30.5,31.1,""
"Mediterranean Firm Tofu with Turnip (Roasted) & Cherry Tomatoes","20260701120000_seed_owner_keto_meals.sql",apply,2,495,498,1,37.7,38.8,19.6,24.3,32.5,32.3,""
"Garlic & chilli Whole Eggs with Swede (Mashed) & Mixed Salad Leaves","20260701120000_seed_owner_keto_meals.sql",apply,2,610,593,-3,24.6,25.8,13.5,16.5,50,47.6,""
"BBQ Whole Eggs with Cabbage (Shredded) & Cherry Tomatoes","20260701120000_seed_owner_keto_meals.sql",apply,2,458,435,-5,36.4,36.5,10,13.4,28.6,26.1,""
"Moroccan-spiced Chicken Thigh (Skin-On) with Swede (Mashed) & Tenderstem Broccoli","20260701120000_seed_owner_keto_meals.sql",apply,2,622,591,-5,45,51.3,12.3,19,41.6,34.6,""
"Cajun Halloumi with Celeriac Mash & Baby Spinach","20260701120000_seed_owner_keto_meals.sql",apply,2,870,845,-3,58.3,52.1,19.7,25.4,62.2,62.1,""
"BBQ Salmon Fillet with Courgette Noodles (Zoodles) & Chestnut Mushrooms","20260701120000_seed_owner_keto_meals.sql",apply,2,597,599,0,52.4,46.5,12,13.3,40,40.3,""
"BBQ Beef Ribeye Steak with Swede (Mashed) & Mixed Salad Leaves","20260701120000_seed_owner_keto_meals.sql",apply,2,768,728,-5,49.5,51,17.8,19.5,56,50.8,""
"Italian herb Whole Eggs with Broccoli Florets & Courgette","20260701120000_seed_owner_keto_meals.sql",apply,2,518,494,-5,31.9,32.4,18.7,18.7,36.5,34.1,""
"Indian-spiced Turkey Breast with Cauliflower Rice & Green Beans","20260701120000_seed_owner_keto_meals.sql",apply,2,472,452,-4,59.7,52.2,13.1,20.4,19.3,19.8,""
"Cajun Lean Beef Mince (5%) with Broccoli Florets & Mixed Peppers","20260701120000_seed_owner_keto_meals.sql",apply,2,509,657,29,52.6,52,11.2,15.8,27.5,42.4,""
"BBQ Cod Fillet with Cabbage (Shredded) & Asparagus Tips","20260701120000_seed_owner_keto_meals.sql",apply,2,287,246,-14,43.6,36.8,10.7,13.4,5.9,6,""
"Mexican-style Mackerel with Swede (Mashed) & Kale","20260701120000_seed_owner_keto_meals.sql",apply,2,611,632,3,42.9,46.3,17.5,21.6,40.3,42.4,""
"BBQ Lean Beef Mince (5%) with Cabbage (Shredded) & Cauliflower","20260701120000_seed_owner_keto_meals.sql",apply,2,537,679,26,56.5,56.6,14.6,18.6,27.7,42.4,""
"Garlic & chilli Sardines with Cauliflower Rice & Chestnut Mushrooms","20260701120000_seed_owner_keto_meals.sql",apply,2,527,538,2,49.2,52.6,8,12.5,30.4,31.6,""
"Cajun Beef Ribeye Steak with Broccoli Florets & Mixed Salad Leaves","20260701120000_seed_owner_keto_meals.sql",apply,2,761,728,-4,54.1,55.7,16.4,17.9,55.1,50.1,""
"Creamy herb Salmon Fillet with Turnip (Roasted) & Leeks","20260701120000_seed_owner_keto_meals.sql",apply,2,693,803,16,46.1,38.9,9.7,22.2,53.5,61,""
"Garlic & chilli Beef Ribeye Steak with Celeriac Mash & Asparagus Tips","20260701120000_seed_owner_keto_meals.sql",apply,2,773,758,-2,50.5,52.7,19.1,23,56.2,52,""
"Garlic & chilli Cod Fillet with Cauliflower Rice & Asparagus Tips","20260701120000_seed_owner_keto_meals.sql",apply,2,418,385,-8,48.9,42.4,13.1,18.2,17.8,18,""
"Mexican-style Turkey Breast with Shirataki Noodles & Mixed Peppers","20260701120000_seed_owner_keto_meals.sql",apply,2,378,353,-7,54,46.1,6.8,11.9,12.9,13.6,""
"Garlic & chilli Bacon (Smoked Back) with Courgette Noodles (Zoodles) & Courgette","20260701120000_seed_owner_keto_meals.sql",apply,2,807,626,-22,57.8,50.4,5.7,10,59.5,43.6,""
"Mexican-style Chicken Breast with Broccoli Florets & Celery","20260701120000_seed_owner_keto_meals.sql",apply,2,540,543,1,65.2,66.2,16.7,18.1,23.2,23.8,""
"Indian-spiced Cod Fillet with Turnip (Roasted) & Asparagus Tips","20260701120000_seed_owner_keto_meals.sql",apply,2,377,343,-9,43.1,36.6,10.5,13.3,15.8,16.3,""
"BBQ Whole Eggs with Celeriac Mash & Kale","20260701120000_seed_owner_keto_meals.sql",apply,2,528,533,1,30.7,32.5,21.1,22.8,36.4,36.2,""
"Peri-peri Pork Belly (Slow-Roasted) with Cauliflower Rice & Green Beans","20260701120000_seed_owner_keto_meals.sql",apply,2,890,1126,27,46.2,32.3,6.8,15.3,72.1,104.6,""
"Lemon herb Whole Eggs with Cabbage (Shredded) & Chestnut Mushrooms","20260701120000_seed_owner_keto_meals.sql",apply,2,458,441,-4,36.4,38.8,10,13.4,28.6,26.2,""
"Italian herb Bacon (Smoked Back) with Cauliflower Rice & Avocado Slices","20260701120000_seed_owner_keto_meals.sql",apply,2,955,908,-5,47.4,40.4,6.8,14.6,80.8,79.6,""
"Mexican-style Cod Fillet with Cabbage (Shredded) & Cucumber","20260701120000_seed_owner_keto_meals.sql",apply,2,454,415,-9,43.1,35.3,8,11.5,25.7,26.2,""
"Garlic & chilli Halloumi with Celeriac Mash & Chestnut Mushrooms","20260701120000_seed_owner_keto_meals.sql",apply,2,828,806,-3,51.4,45.4,14.5,20.8,61.6,61.2,""
"Cajun Salmon Fillet with Cabbage (Shredded) & Chestnut Mushrooms","20260701120000_seed_owner_keto_meals.sql",apply,2,554,561,1,58,52.3,8,12.6,32.2,32.8,""
"Lemon herb Halloumi with Broccoli Florets & Leeks","20260701120000_seed_owner_keto_meals.sql",apply,2,866,864,-0,58,50.5,17.6,32.9,63.5,62,""
"Garlic & chilli Whole Eggs with Swede (Mashed) & Asparagus Tips","20260701120000_seed_owner_keto_meals.sql",apply,2,447,433,-3,26.4,28.4,14.7,18.7,30.2,27.7,""
"Garlic & chilli Turkey Breast with Shirataki Noodles & Leeks","20260701120000_seed_owner_keto_meals.sql",apply,2,225,258,15,26.2,24,7,21,9.3,9.6,""
"Moroccan-spiced Turkey Breast with Swede (Mashed) & Tenderstem Broccoli","20260701120000_seed_owner_keto_meals.sql",apply,2,258,257,-0,23.9,22.4,6.7,13.2,13.5,13.8,""
"Lemon herb King Prawns with Cauliflower Rice & Mixed Peppers","20260701120000_seed_owner_keto_meals.sql",apply,2,247,244,-1,20.4,18.3,4.6,9.7,15.4,15.9,""
"Asian-inspired Tuna Steak with Broccoli Florets & Chestnut Mushrooms","20260701120000_seed_owner_keto_meals.sql",apply,2,233,268,15,28,28.3,9.5,11.2,8.8,13.6,""
"Cajun Turkey Breast with Swede (Mashed) & Courgette","20260701120000_seed_owner_keto_meals.sql",apply,2,211,196,-7,27.6,24.9,6.9,9.6,6.3,6.8,""
"Italian herb Chicken Thigh (Skin-On) with Cauliflower Rice & Leeks","20260701120000_seed_owner_keto_meals.sql",apply,2,309,331,7,23.5,26.7,7.7,20.4,19.7,16.7,""
"Lemon herb Lean Beef Mince (5%) with Celeriac Mash & Olives","20260701120000_seed_owner_keto_meals.sql",apply,2,271,401,48,25.8,25.9,10.7,15,13.3,27.1,""
"Mediterranean Halloumi with Swede (Mashed) & Courgette","20260701120000_seed_owner_keto_meals.sql",apply,2,409,391,-4,24.8,22.2,10.3,14.6,29,28.6,""
"Mediterranean Bacon (Smoked Back) with Cauliflower Rice & Cauliflower","20260701120000_seed_owner_keto_meals.sql",apply,2,383,310,-19,26.9,24.9,4.4,10,26.9,20.1,""
"Cajun Haddock Fillet with Broccoli Florets & Tenderstem Broccoli","20260701120000_seed_owner_keto_meals.sql",apply,2,211,207,-2,21.5,20.6,9.4,14.5,8.8,9.3,""
"Mediterranean King Prawns with Swede (Mashed) & Mixed Peppers","20260701120000_seed_owner_keto_meals.sql",apply,2,230,229,-0,19.9,18.1,6.9,12.6,12.5,13.1,""
"Peri-peri Pork Belly (Slow-Roasted) with Turnip (Roasted) & Mixed Peppers","20260701120000_seed_owner_keto_meals.sql",apply,2,441,548,24,18.7,12.8,8.8,13.9,35.6,50.3,""
"Mexican-style Lean Beef Mince (5%) with Shirataki Noodles & Asparagus Tips","20260701120000_seed_owner_keto_meals.sql",apply,2,226,294,30,25.4,27.2,4,6.8,10.6,17.5,""
"Cajun Lamb Leg with Broccoli Florets & Kale","20260701120000_seed_owner_keto_meals.sql",apply,2,236,265,12,22.6,25.8,6.8,10.1,12.5,15.1,""
"Italian herb Lamb Leg with Celeriac Mash & Cucumber","20260701120000_seed_owner_keto_meals.sql",apply,2,254,264,4,26.8,27.4,7.4,9.7,11.7,13.2,""
"BBQ Mackerel with Courgette Noodles (Zoodles) & Cherry Tomatoes","20260701120000_seed_owner_keto_meals.sql",apply,2,262,260,-1,16.2,17.1,4.3,6.2,18.5,18.8,""
"Moroccan-spiced Salmon Fillet with Cabbage (Shredded) & Olives","20260701120000_seed_owner_keto_meals.sql",apply,2,269,335,25,21.1,18.1,5.4,11.1,17.7,24.6,""
"Moroccan-spiced Lamb Leg with Shirataki Noodles & Kale","20260701120000_seed_owner_keto_meals.sql",apply,2,257,286,11,23.2,26.2,7.1,11.1,14.7,17,""
"Lemon herb Halloumi with Turnip (Roasted) & Red Onion","20260701120000_seed_owner_keto_meals.sql",apply,2,446,448,0,22.1,19.3,6.2,15.6,35.9,35.2,""
"Garlic & chilli King Prawns with Cauliflower Rice & Red Onion","20260701120000_seed_owner_keto_meals.sql",apply,2,182,199,9,20.7,19,5,14.7,7.6,7.9,""
"Asian-inspired Whole Eggs with Cauliflower Rice & Chestnut Mushrooms","20260701120000_seed_owner_keto_meals.sql",apply,2,267,311,16,11.7,15.3,5.3,7.5,21.1,25.4,""
"Garlic & chilli Chicken Breast with Broccoli Florets & Cherry Tomatoes","20260701120000_seed_owner_keto_meals.sql",apply,2,196,203,4,26.8,28.1,7.6,11.1,5.4,5.6,""
"Italian herb Lean Beef Mince (5%) with Broccoli Florets & Tenderstem Broccoli","20260701120000_seed_owner_keto_meals.sql",apply,2,231,303,31,24.2,26.1,6.8,11,10.9,17.7,""
"BBQ Beef Ribeye Steak with Celeriac Mash & Cucumber","20260701120000_seed_owner_keto_meals.sql",apply,2,329,314,-5,21.2,21.7,8,9.6,22.9,21.1,""
"Lemon herb Beef Ribeye Steak with Cauliflower Rice & Asparagus Tips","20260701120000_seed_owner_keto_meals.sql",apply,2,375,362,-3,20.5,22.7,4.4,7.6,29.9,27.7,""
"Creamy herb Cod Fillet with Cauliflower Rice & Cucumber","20260701120000_seed_owner_keto_meals.sql",apply,2,227,272,20,19.7,16.7,4.4,7.2,12.9,20.2,""
"Peri-peri Halloumi with Courgette Noodles (Zoodles) & Olives","20260701120000_seed_owner_keto_meals.sql",apply,2,372,416,12,28,25.1,4.3,10.9,25.3,31.5,""
"BBQ Lean Beef Mince (5%) with Shirataki Noodles & Mixed Peppers","20260701120000_seed_owner_keto_meals.sql",apply,2,189,256,35,21.9,22.2,5.2,9.1,7.9,14.6,""
"Indian-spiced Sardines with Broccoli Florets & Kale","20260701120000_seed_owner_keto_meals.sql",apply,2,294,316,7,24.8,28.1,9.5,12.5,16.5,18.9,""
"Creamy herb Pork Tenderloin with Broccoli Florets & Celery","20260701120000_seed_owner_keto_meals.sql",apply,2,215,280,30,26.2,27.2,6.4,7.7,8,15.4,""
"Asian-inspired Firm Tofu with Cauliflower Rice & Baby Spinach","20260701130000_seed_veg_df_keto_pack.sql",apply,2,400,446,12,30,36.3,13,15.3,27,31.2,""
"Mediterranean Firm Tofu with Cabbage (Shredded) & Olives","20260701130000_seed_veg_df_keto_pack.sql",apply,2,420,415,-1,27,28.7,12,15.1,30,30.2,""
"Italian herb Whole Eggs with Broccoli Florets & Cherry Tomatoes","20260701130000_seed_veg_df_keto_pack.sql",apply,2,460,508,10,25,28.5,12,13.1,35,39.6,""
"Moroccan-spiced Firm Tofu with Courgette Noodles (Zoodles) & Kale","20260701130000_seed_veg_df_keto_pack.sql",apply,2,395,525,33,28,34.2,11,16.6,26,40.5,""
"Peri-peri Egg Whites with Cauliflower Rice & Mixed Peppers","20260701130000_seed_veg_df_keto_pack.sql",apply,2,380,387,2,30,26.2,11,18.6,24,25,""
"Cajun Firm Tofu with Broccoli Florets & Red Onion","20260701130000_seed_veg_df_keto_pack.sql",apply,2,440,543,23,29,32.2,13,20.3,30,41.8,""
"Garlic & chilli Whole Eggs with Cabbage (Shredded) & Baby Spinach","20260701130000_seed_veg_df_keto_pack.sql",apply,2,485,527,9,25,24.5,10,18.5,38,41.7,""
"Teriyaki Firm Tofu with Courgette Noodles (Zoodles) & Asparagus Tips","20260701130000_seed_veg_df_keto_pack.sql",apply,2,390,455,17,28,32.3,13,19.2,25,31.6,""
"Lemon herb Egg Whites with Cauliflower Rice & Chestnut Mushrooms","20260701130000_seed_veg_df_keto_pack.sql",apply,2,360,382,6,27,28.2,9,15.5,23,25,""
"Indian-spiced Firm Tofu with Cabbage (Shredded) & Cherry Tomatoes","20260701130000_seed_veg_df_keto_pack.sql",apply,2,415,445,7,27,28.4,13,15,28,33.8,""
"Mediterranean Firm Tofu with Courgette Noodles (Zoodles) & Olives","20260701130000_seed_veg_df_keto_pack.sql",apply,2,580,634,9,32,35.4,13,20.9,44,51,""
"Moroccan-spiced Tempeh with Cauliflower Rice & Kale","20260701130000_seed_veg_df_keto_pack.sql",apply,2,605,777,28,34,41,14,32.5,42,60.9,""
"Cajun Whole Eggs with Broccoli Florets & Chestnut Mushrooms","20260701130000_seed_veg_df_keto_pack.sql",apply,2,560,764,36,28,39,11,21.4,44,61.8,""
"Italian herb Firm Tofu with Cabbage (Shredded) & Cherry Tomatoes","20260701130000_seed_veg_df_keto_pack.sql",apply,2,630,628,-0,33,34.6,13,22.5,48,50,""
"Asian-inspired Tempeh with Courgette Noodles (Zoodles) & Baby Spinach","20260701130000_seed_veg_df_keto_pack.sql",apply,2,585,627,7,34,44.3,14,24.2,41,45.2,""
"Peri-peri Firm Tofu with Cauliflower Rice & Asparagus Tips","20260701130000_seed_veg_df_keto_pack.sql",apply,2,620,724,17,33,42.4,12,24,48,57.9,""
"Teriyaki Egg Whites with Cauliflower Rice & Tenderstem Broccoli","20260701130000_seed_veg_df_keto_pack.sql",apply,2,545,521,-4,30,37.5,12,26.2,40,32.9,""
"BBQ Firm Tofu with Broccoli Florets & Red Onion","20260701130000_seed_veg_df_keto_pack.sql",apply,2,590,744,26,31,40.1,13,29.1,44,58.6,""
"Peri-peri Egg Whites with Cucumber & Olives","20260701130000_seed_veg_df_keto_pack.sql",apply,2,230,182,-21,17,14,6,5.9,15,11.7,""
"Mediterranean Firm Tofu with Cherry Tomatoes","20260701130000_seed_veg_df_keto_pack.sql",apply,2,270,288,7,18,21.4,7,7.8,18,21.4,""
"Garlic & chilli Whole Eggs with Baby Spinach","20260701130000_seed_veg_df_keto_pack.sql",apply,2,250,323,29,15,16.1,4,9,19,25.9,""
"Asian-inspired Firm Tofu with Cucumber","20260701130000_seed_veg_df_keto_pack.sql",apply,2,290,340,17,17,25.4,6,8.3,21,25.5,""
"Italian herb Egg Whites with Cherry Tomatoes","20260701130000_seed_veg_df_keto_pack.sql",apply,2,200,237,19,18,20.3,6,5.4,12,15.4,""
"Moroccan-spiced Firm Tofu with Kale","20260701130000_seed_veg_df_keto_pack.sql",apply,2,310,419,35,19,26,8,13.2,22,33.2,""
"Cajun Whole Eggs with Mixed Peppers","20260701130000_seed_veg_df_keto_pack.sql",apply,2,275,322,17,15,14.5,8,10,20,26,""
"Lemon herb Firm Tofu with Cucumber","20260701130000_seed_veg_df_keto_pack.sql",apply,2,250,339,36,17,21.8,5,10.3,18,26.5,""
"Teriyaki Egg Whites with Asparagus Tips","20260701130000_seed_veg_df_keto_pack.sql",apply,2,195,262,34,17,22.3,6,9.8,11,15.3,""
"Indian-spiced Firm Tofu with Baby Spinach","20260701130000_seed_veg_df_keto_pack.sql",apply,2,305,401,31,19,24.4,7,11.5,22,32.3,""
"BBQ Whole Eggs with Red Onion","20260701130000_seed_veg_df_keto_pack.sql",apply,2,290,383,32,15,16.4,8,12.8,22,30.9,""
"Mediterranean Egg Whites with Olives","20260701130000_seed_veg_df_keto_pack.sql",apply,2,245,200,-18,17,18,5,5.3,17,11.9,""
"Peri-peri Egg Whites with Sweet Potato & Mixed Peppers","20260702000001_seed_owner_meals.sql",apply,2,334,338,1,20,21.1,36.3,39,12.4,12.7,""
"Teriyaki Egg Whites with Quinoa & Mixed Peppers","20260702000001_seed_owner_meals.sql",apply,2,369,412,12,26,27.8,40.8,48,10.3,12.6,""
"Asian-inspired 0% Greek Yogurt with Sweet Potato & Cucumber","20260702000001_seed_owner_meals.sql",apply,2,317,359,13,23.2,25,33.7,33.9,9,14.3,""
"Mexican-style 0% Greek Yogurt with Quinoa & Red Onion","20260702000001_seed_owner_meals.sql",apply,2,358,381,6,26.5,28.4,34.9,41.1,11.1,11.7,""
"BBQ Cottage Cheese with Quinoa & Baby Spinach","20260702000001_seed_owner_meals.sql",apply,2,463,440,-5,28,30.9,39.3,40.3,21.2,18.6,""
"Mexican-style Salmon Fillet with Rolled Oats & Kale","20260702000001_seed_owner_meals.sql",apply,2,484,502,4,40.4,36.3,18.4,19.7,28.2,30.1,""
"Garlic & chilli Salmon Fillet with Rolled Oats & Courgette","20260702000001_seed_owner_meals.sql",apply,2,484,485,0,40.4,34.6,18.4,19.5,28.2,28.5,""
"Mexican-style 0% Greek Yogurt with Sweet Potato & Mixed Salad Leaves","20260702000001_seed_owner_meals.sql",apply,2,283,282,-0,20.4,22.6,34.4,34.2,6,6.6,""
"Mexican-style Turkey Breast with Sweet Potato & Mixed Peppers","20260702000001_seed_owner_meals.sql",apply,2,478,455,-5,51.7,45.1,33,36,14.9,15.6,""
"Cajun Salmon Fillet with Rolled Oats & Peas","20260702000001_seed_owner_meals.sql",apply,2,569,631,11,46.6,44.9,23.4,34.5,33.7,34.3,""
"Peri-peri 0% Greek Yogurt with Wholegrain Bread & Carrots","20260702000001_seed_owner_meals.sql",apply,2,294,392,33,20.2,26.8,29.8,48.9,9.3,10.5,""
"Asian-inspired Turkey Breast with Rolled Oats & Courgette","20260702000001_seed_owner_meals.sql",apply,2,413,426,3,52.6,46.7,18.7,18.6,12.2,17.7,""
"Mexican-style Salmon Fillet with Rolled Oats & Tenderstem Broccoli","20260702000001_seed_owner_meals.sql",apply,2,523,536,2,46.6,42.2,18.7,21.9,29.4,30.2,""
"Indian-spiced 0% Greek Yogurt with Rolled Oats & Mixed Peppers","20260702000001_seed_owner_meals.sql",apply,2,343,352,3,23.1,25.1,29.3,32.2,14.8,15.5,""
"Cajun Salmon Fillet with Wholegrain Bread & Mixed Peppers","20260702000001_seed_owner_meals.sql",apply,2,605,690,14,46.9,45.9,29.7,45.1,34.7,36.3,""
"Italian herb Salmon Fillet with Rolled Oats & Courgette","20260702000001_seed_owner_meals.sql",apply,2,488,481,-1,43.9,37.8,19.4,18.6,26.4,26.7,""
"Peri-peri 0% Greek Yogurt with Sweet Potato & Cauliflower","20260702000001_seed_owner_meals.sql",apply,2,364,367,1,23.2,25.6,38.4,40.5,13.2,13.5,""
"Teriyaki Salmon Fillet with Sweet Potato & Tenderstem Broccoli","20260702000001_seed_owner_meals.sql",apply,2,562,610,9,43.7,39.6,38.5,46,27.4,29.7,""
"Indian-spiced 0% Greek Yogurt with Quinoa & Asparagus Tips","20260702000001_seed_owner_meals.sql",apply,2,406,409,1,24.5,27.5,39.9,40.6,16.4,16.9,""
"Asian-inspired Cottage Cheese with Rolled Oats & Mixed Peppers","20260702000001_seed_owner_meals.sql",apply,2,404,436,8,25.6,27.5,28.5,32.4,20.6,23.1,""
"Indian-spiced Cottage Cheese with Sweet Potato & Red Onion","20260702000001_seed_owner_meals.sql",apply,2,397,398,0,22.7,24.1,43.6,51.1,14.3,11.9,""
"Indian-spiced Egg Whites with Sweet Potato & Cherry Tomatoes","20260702000001_seed_owner_meals.sql",apply,2,355,355,0,22.7,23.9,34.3,35.1,13.9,14.6,""
"BBQ Whole Eggs with Sweet Potato & Carrots","20260702000001_seed_owner_meals.sql",apply,2,508,506,-0,27.7,28,34.7,39.7,29.1,27.1,""
"Cajun Egg Whites with Quinoa & Cherry Tomatoes","20260702000001_seed_owner_meals.sql",apply,2,396,394,-1,26,27.2,35.5,36.5,16.1,16.5,""
"Mexican-style Turkey Breast with Wholegrain Bread & Cherry Tomatoes","20260702000001_seed_owner_meals.sql",apply,2,412,460,12,52.2,50.7,25.4,38.8,9.2,10.9,""
"Garlic & chilli Salmon Fillet with Quinoa & Mixed Salad Leaves","20260702000001_seed_owner_meals.sql",apply,2,626,627,0,48,42.3,34.7,35.6,34.3,34.5,""
"BBQ Salmon Fillet with Sweet Potato & Baby Spinach","20260702000001_seed_owner_meals.sql",apply,2,506,504,-0,42.9,38.3,29,28.6,24.9,25.3,""
"Mediterranean 0% Greek Yogurt with Rolled Oats & Asparagus Tips","20260702000001_seed_owner_meals.sql",apply,2,350,351,0,22.9,25.8,29.1,30.3,15.8,16,""
"Peri-peri Egg Whites with Rolled Oats & Kale","20260702000001_seed_owner_meals.sql",apply,2,250,263,5,19.4,22.5,19.5,21,9,10.5,""
"Moroccan-spiced Egg Whites with Sweet Potato & Carrots","20260702000001_seed_owner_meals.sql",apply,2,358,379,6,23.4,24.4,34.3,41.5,13.9,14.1,""
"Peri-peri Whole Eggs with Sweet Potato & Mixed Peppers","20260702000001_seed_owner_meals.sql",apply,2,505,491,-3,26.7,27.1,35.2,37.7,29.1,27.2,""
"Peri-peri Salmon Fillet with Wholegrain Bread & Courgette","20260702000001_seed_owner_meals.sql",apply,2,522,596,14,46.2,45.2,25.4,38,26.4,27.8,""
"Mexican-style Salmon Fillet with Wholegrain Bread & Baby Spinach","20260702000001_seed_owner_meals.sql",apply,2,584,668,14,44.3,45.3,31.6,44.1,33.2,35.1,""
"BBQ Cottage Cheese with Quinoa & Cucumber","20260702000001_seed_owner_meals.sql",apply,2,438,407,-7,26,26.7,44.8,45.8,16.5,13.6,""
"Teriyaki Whole Eggs with Wholegrain Bread & Courgette","20260702000001_seed_owner_meals.sql",apply,2,523,618,18,30.9,37.6,31.1,47.2,30.7,31.8,""
"BBQ Lean Beef Mince (5%) with White Basmati Rice & Asparagus Tips","20260702000001_seed_owner_meals.sql",apply,2,705,872,24,63.4,63.6,60,66.5,19.9,36,""
"Cajun Pork Tenderloin with White Potato & Carrots","20260702000001_seed_owner_meals.sql",apply,2,632,654,3,61.4,62.6,46.7,53.3,20.7,21.2,""
"Garlic & chilli Firm Tofu with Couscous & Courgette","20260702000001_seed_owner_meals.sql",apply,2,681,682,0,46.6,48.2,69.1,71.8,26.2,25.9,""
"Garlic & chilli 0% Greek Yogurt with Butter Beans & Peas","20260702000001_seed_owner_meals.sql",apply,2,490,526,7,40.7,42.4,54.1,61.5,14.4,14.2,""
"BBQ Chicken Breast with Wholegrain Bread & Mixed Peppers","20260702000001_seed_owner_meals.sql",apply,2,635,615,-3,71.5,73.4,41.4,38.8,17.3,17.2,""
"Indian-spiced Edamame with Wholewheat Pasta & Kale","20260702000001_seed_owner_meals.sql",apply,2,687,781,14,39.9,46.3,88.4,97.4,24.9,28.1,""
"Teriyaki Black Beans with White Potato & Mixed Salad Leaves","20260702000001_seed_owner_meals.sql",apply,2,524,558,6,25.9,27.9,90.4,94.5,6.5,8.7,""
"Moroccan-spiced Tuna Steak with Soba Noodles & Peas","20260702000001_seed_owner_meals.sql",apply,2,654,669,2,75,71.8,55.2,66.8,15.8,14.1,""
"Asian-inspired Pork Tenderloin with Quinoa & Cucumber","20260702000001_seed_owner_meals.sql",apply,2,641,683,7,65.2,66.6,51.2,51.4,16.4,21.7,""
"Teriyaki Paneer with Butter Beans & Cucumber","20260702000001_seed_owner_meals.sql",apply,2,819,885,8,51.4,52.3,43.8,48.4,52.1,53.5,""
"Mexican-style Egg Whites with Rye Bread & Baby Spinach","20260702000001_seed_owner_meals.sql",apply,2,389,408,5,33.4,35.6,41.6,45.3,7.9,9.1,""
"Teriyaki Seitan with Bulgur Wheat & Peas","20260702000001_seed_owner_meals.sql",apply,2,649,649,0,56.8,63,72.9,69,11.4,13.6,""
"Teriyaki Cod Fillet with Quinoa & Tenderstem Broccoli","20260702000001_seed_owner_meals.sql",apply,2,646,648,0,61.9,55.3,55.2,62.7,18.1,20.4,""
"Indian-spiced Egg Whites with Bulgur Wheat & Asparagus Tips","20260702000001_seed_owner_meals.sql",apply,2,433,436,1,33.1,35.6,56.8,58.5,8.6,9.1,""
"Mexican-style Lamb Leg with Wholegrain Bread & Courgette","20260702000001_seed_owner_meals.sql",apply,2,748,749,0,64.7,67.2,46.9,42.3,33.6,36,""
"Lemon herb Paneer with Couscous & Cucumber","20260702000001_seed_owner_meals.sql",apply,2,953,1007,6,49.4,54.1,62.3,66.9,57.9,58.1,""
"Lemon herb Tuna Steak with Rye Bread & Peas","20260702000001_seed_owner_meals.sql",apply,2,611,636,4,67.5,62.6,46.4,59.9,16.8,16.1,""
"Teriyaki Paneer with Quinoa & Red Onion","20260702000001_seed_owner_meals.sql",apply,2,966,1085,12,51.9,57.8,57.6,72.5,60.7,62.8,""
"Italian herb Cooked Lentils with Wholewheat Tortilla Wrap & Cauliflower","20260702000001_seed_owner_meals.sql",apply,2,600,534,-11,33.1,31.6,83.9,73.6,14.1,13.6,""
"Garlic & chilli Chicken Breast with Butter Beans & Red Onion","20260702000001_seed_owner_meals.sql",apply,2,685,681,-1,79,75.9,48.6,50.9,20.3,19.8,""
"Mediterranean Cooked Lentils with Wholewheat Tortilla Wrap & Courgette","20260702000001_seed_owner_meals.sql",apply,2,646,577,-11,33.1,31,88.6,77.7,18.4,17.9,""
"Cajun King Prawns with Soba Noodles & Chestnut Mushrooms","20260702000001_seed_owner_meals.sql",apply,2,542,516,-5,65,61.1,50.9,50.9,9.5,10,""
"Lemon herb Pork Tenderloin with Rolled Oats & Mixed Salad Leaves","20260702000001_seed_owner_meals.sql",apply,2,595,589,-1,58.9,60.5,37.6,36.8,22.1,22.3,""
"Indian-spiced Whole Eggs with White Basmati Rice & Peas","20260702000001_seed_owner_meals.sql",apply,2,748,808,8,38.2,43.2,66.2,82.9,35.2,33,""
"Lemon herb Chicken Breast with Rye Bread & Mixed Peppers","20260702000001_seed_owner_meals.sql",apply,2,649,666,3,76.2,76.1,39.5,45.4,17.7,18.4,""
"BBQ Firm Tofu with Quinoa & Mixed Salad Leaves","20260702000001_seed_owner_meals.sql",apply,2,639,631,-1,43.7,45.1,54.2,54.7,29.2,28.8,""
"Lemon herb Seitan with Wholewheat Pasta & Cucumber","20260702000001_seed_owner_meals.sql",apply,2,823,794,-4,66.9,68.8,96.9,87.1,18.9,19.7,""
"Mediterranean Black Beans with Soba Noodles & Red Onion","20260702000001_seed_owner_meals.sql",apply,2,654,674,3,35,36.6,103.2,109.9,14.2,13.9,""
"Italian herb Chicken Breast with Soba Noodles & Red Onion","20260702000001_seed_owner_meals.sql",apply,2,694,710,2,77,78.7,60.7,66.1,15.6,15.3,""
"Garlic & chilli Firm Tofu with Wholewheat Tortilla Wrap & Mixed Peppers","20260702000001_seed_owner_meals.sql",apply,2,617,561,-9,42.8,40.8,47.6,41.8,30.1,28.9,""
"BBQ Salmon Fillet with Butter Beans & Green Beans","20260702000001_seed_owner_meals.sql",apply,2,771,749,-3,67,54.2,48.6,46.6,39.1,38.5,""
"Mediterranean Cooked Lentils with White Potato & Carrots","20260702000001_seed_owner_meals.sql",apply,2,527,548,4,28.7,29.7,81.7,88.7,9.3,9.6,""
"Teriyaki Quorn Mince with Soba Noodles & Green Beans","20260702000001_seed_owner_meals.sql",apply,2,509,545,7,42.3,46.3,61.2,68.4,11.9,11.6,""
"Peri-peri Black Beans with Rolled Oats & Red Onion","20260702000001_seed_owner_meals.sql",apply,2,594,612,3,27.5,28.7,83.7,90.1,17.6,17.7,""
"Garlic & chilli Mackerel with Butter Beans & Green Beans","20260702000001_seed_owner_meals.sql",apply,2,782,768,-2,58.7,56.2,46.9,47.3,41.4,41.1,""
"Garlic & chilli Egg Whites with Rye Bread & Green Beans","20260702000001_seed_owner_meals.sql",apply,2,470,498,6,36.2,37.2,45.6,53.8,15.1,15.7,""
"Mediterranean Mackerel with Sweet Potato & Kale","20260702000001_seed_owner_meals.sql",apply,2,776,791,2,46.5,49.6,53.3,55,41.5,43.3,""
"Mexican-style Egg Whites with White Basmati Rice & Tenderstem Broccoli","20260702000001_seed_owner_meals.sql",apply,2,544,577,6,32.2,35.2,65.7,75.4,14.6,15.3,""
"BBQ Black Beans with Rye Bread & Green Beans","20260702000001_seed_owner_meals.sql",apply,2,604,624,3,30.2,30.7,97.7,103.9,11,11.5,""
"Mexican-style Whole Eggs with Rye Bread & Asparagus Tips","20260702000001_seed_owner_meals.sql",apply,2,650,642,-1,38.2,38.8,51.9,55.1,32,29.9,""
"Teriyaki Cooked Lentils with Wholewheat Pasta & Carrots","20260702000001_seed_owner_meals.sql",apply,2,677,812,20,35.9,38.7,108.4,129.1,15.7,18.8,""
"Italian herb Lamb Leg with Soba Noodles & Mixed Peppers","20260702000001_seed_owner_meals.sql",apply,2,750,773,3,67,68.6,55.2,57.3,31.2,33,""
"Italian herb Firm Tofu with Couscous & Carrots","20260702000001_seed_owner_meals.sql",apply,2,706,723,2,48.6,49.6,63.6,70.9,30.9,30.6,""
"Asian-inspired Paneer with Wholegrain Bread & Baby Spinach","20260702000001_seed_owner_meals.sql",apply,2,839,931,11,49,57.5,44.8,44.8,52.3,57.6,""
"Cajun Mackerel with Wholegrain Bread & Tenderstem Broccoli","20260702000001_seed_owner_meals.sql",apply,2,719,710,-1,51,54.8,42.4,41.2,36.1,36.5,""
"Italian herb Cooked Lentils with Rye Bread & Peas","20260702000001_seed_owner_meals.sql",apply,2,566,610,8,32.3,35.6,89,97.5,8.6,9.2,""
"Indian-spiced Pork Tenderloin with Wholewheat Tortilla Wrap & Cherry Tomatoes","20260702000001_seed_owner_meals.sql",apply,2,676,578,-14,67.2,63.9,49,33,20.5,19.5,""
"Garlic & chilli Chicken Breast with Wholewheat Pasta & Cauliflower","20260702000001_seed_owner_meals.sql",apply,2,760,856,13,81.5,85,71.5,85.7,17.7,19,""
"Mexican-style Cooked Chickpeas with Sweet Potato & Cauliflower","20260702000001_seed_owner_meals.sql",apply,2,663,670,1,23.8,25.8,113.4,115.3,13,13.7,""
"Garlic & chilli Pork Tenderloin with Butter Beans & Red Onion","20260702000001_seed_owner_meals.sql",apply,2,714,706,-1,80,76.2,52,54,21.5,20.8,""
"Asian-inspired Haddock Fillet with Brown Rice & Green Beans","20260702000001_seed_owner_meals.sql",apply,2,668,698,4,58,50.4,67,78.1,16.1,21.4,""
"Mediterranean Cooked Lentils with Wholegrain Bread & Peas","20260702000001_seed_owner_meals.sql",apply,2,656,667,2,32.2,37.4,97.7,99,16.4,16.1,""
"Peri-peri Paneer with Wholewheat Tortilla Wrap & Baby Spinach","20260702000001_seed_owner_meals.sql",apply,2,1035,1005,-3,54.6,57.4,56.9,45.6,67.7,66.5,""
"Lemon herb Seitan with Wholegrain Bread & Mixed Salad Leaves","20260702000001_seed_owner_meals.sql",apply,2,838,674,-20,72,73.1,82.3,50.2,20.4,19.6,""
"Peri-peri Cottage Cheese with Soba Noodles & Cherry Tomatoes","20260702000001_seed_owner_meals.sql",apply,2,633,598,-6,41.7,43.2,69.5,72.5,22.7,18,""
"Moroccan-spiced Cooked Lentils with Rolled Oats & Mixed Peppers","20260702000001_seed_owner_meals.sql",apply,2,609,615,1,30.8,32.1,83.3,86.9,17.9,18.2,""
"Cajun Paneer with White Basmati Rice & Green Beans","20260702000001_seed_owner_meals.sql",apply,2,1058,1160,10,52.6,59.1,74.1,90.6,61.7,62,""
"BBQ Salmon Fillet with Bulgur Wheat & Courgette","20260702000001_seed_owner_meals.sql",apply,2,835,827,-1,68,58.2,56,56.1,41.6,41.9,""
"Peri-peri Egg Whites with White Potato & Courgette","20260702000001_seed_owner_meals.sql",apply,2,484,479,-1,34.2,35.5,53.3,53.5,14.2,14.5,""
"Mexican-style 0% Greek Yogurt with Rolled Oats & Cauliflower","20260702000001_seed_owner_meals.sql",apply,2,479,487,2,34.3,37.4,46.9,48.8,16.9,17.6,""
"Mediterranean Seitan with Bulgur Wheat & Cucumber","20260702000001_seed_owner_meals.sql",apply,2,795,683,-14,68,68.9,86.8,66.8,17.4,17.4,""
"Teriyaki Mackerel with Bulgur Wheat & Courgette","20260702000001_seed_owner_meals.sql",apply,2,831,865,4,55.8,57.8,55.5,60.8,43.6,46.1,""
"BBQ Turkey Breast with Rye Bread & Tenderstem Broccoli","20260702000001_seed_owner_meals.sql",apply,2,687,634,-8,78.1,66.8,49.5,50.4,18.3,18.7,""
"Garlic & chilli Tempeh with Bulgur Wheat & Chestnut Mushrooms","20260702000001_seed_owner_meals.sql",apply,2,717,723,1,49.6,55.2,70.3,69.5,31.7,32,""
"Lemon herb Cooked Lentils with Wholegrain Bread & Mixed Peppers","20260702000001_seed_owner_meals.sql",apply,2,672,626,-7,35.8,36.5,96,89,16.9,16.4,""
"Lemon herb Black Beans with White Basmati Rice & Courgette","20260702000001_seed_owner_meals.sql",apply,2,680,696,2,26.6,27.6,119.3,126.6,8.9,9.2,""
"Mediterranean Haddock Fillet with Soba Noodles & Baby Spinach","20260702000001_seed_owner_meals.sql",apply,2,639,587,-8,62.7,55.9,61.8,62.7,15.6,15.3,""
"Mexican-style Chicken Breast with White Basmati Rice & Tenderstem Broccoli","20260702000001_seed_owner_meals.sql",apply,2,812,848,4,79.2,82.2,77,87.7,16.4,17.2,""
"Lemon herb Turkey Breast with Sweet Potato & Green Beans","20260702000001_seed_owner_meals.sql",apply,2,603,565,-6,71.3,61.5,55,58.9,8.8,8.9,""
"Indian-spiced Firm Tofu with Wholewheat Tortilla Wrap & Chestnut Mushrooms","20260702000001_seed_owner_meals.sql",apply,2,769,674,-12,52.4,51.3,58.7,43.8,39.1,37.6,""
"Moroccan-spiced Firm Tofu with Rolled Oats & Cauliflower","20260702000001_seed_owner_meals.sql",apply,2,620,625,1,49.7,51.9,38.7,43.1,31.6,31.2,""
"Lemon herb Tempeh with White Potato & Asparagus Tips","20260702000001_seed_owner_meals.sql",apply,2,787,784,-0,53.1,57.5,71.3,68.8,37,37.1,""
"Garlic & chilli Lamb Leg with Wholewheat Pasta & Mixed Salad Leaves","20260702000001_seed_owner_meals.sql",apply,2,859,972,13,69.9,72.9,78.7,90.4,34.6,38,""
"BBQ Pork Tenderloin with Rye Bread & Asparagus Tips","20260702000001_seed_owner_meals.sql",apply,2,688,670,-3,67.8,67.8,51.2,49.1,22.2,22.4,""
"Indian-spiced Pork Tenderloin with White Potato & Asparagus Tips","20260702000001_seed_owner_meals.sql",apply,2,654,656,0,66.5,69,57,57.8,15.7,16.2,""
"Peri-peri Turkey Breast with Bulgur Wheat & Kale","20260702000001_seed_owner_meals.sql",apply,2,630,597,-5,77.8,69.1,50.8,53.5,12.1,13.6,""
"Cajun Chicken Breast with Quinoa & Tenderstem Broccoli","20260702000001_seed_owner_meals.sql",apply,2,754,766,2,82.7,85.6,57.5,60.9,17.9,18.5,""
"Mexican-style Haddock Fillet with Sweet Potato & Courgette","20260702000001_seed_owner_meals.sql",apply,2,605,549,-9,56.5,47.7,59,59,14.1,14.6,""
"Moroccan-spiced Egg Whites with Rolled Oats & Green Beans","20260702000001_seed_owner_meals.sql",apply,2,379,390,3,30.2,32.3,35.5,40.2,10.9,11.1,""
"Italian herb Tuna Steak with Wholewheat Pasta & Cherry Tomatoes","20260702000001_seed_owner_meals.sql",apply,2,687,718,5,77.1,69.2,71.5,82.7,12.6,12.1,""
"Moroccan-spiced Salmon Fillet with White Basmati Rice & Baby Spinach","20260702000001_seed_owner_meals.sql",apply,2,851,877,3,65.3,57.2,67.5,76.2,34.6,35,""
"Moroccan-spiced 0% Greek Yogurt with Brown Rice & Asparagus Tips","20260702000001_seed_owner_meals.sql",apply,2,582,609,5,34.8,37.9,74.4,83.4,15.6,16,""
"Garlic & chilli Egg Whites with Couscous & Mixed Salad Leaves","20260702000001_seed_owner_meals.sql",apply,2,566,567,0,40,41.7,68,68.9,13.4,13.7,""
"BBQ Tuna Steak with Soba Noodles & Cauliflower","20260702000001_seed_owner_meals.sql",apply,2,625,574,-8,76.1,68.3,56.5,57.5,10.6,8.7,""
"Peri-peri 0% Greek Yogurt with Wholewheat Pasta & Asparagus Tips","20260702000001_seed_owner_meals.sql",apply,2,531,616,16,38.8,42.9,80.4,92.7,8.9,10,""
"Moroccan-spiced Egg Whites with Rolled Oats & Mixed Peppers","20260702000001_seed_owner_meals.sql",apply,2,418,423,1,36.5,37.8,35.9,39.5,12.2,12.5,""
"Mediterranean Salmon Fillet with Rolled Oats & Asparagus Tips","20260702000001_seed_owner_meals.sql",apply,2,805,805,0,66.3,57.9,39.5,40.8,44.6,44.8,""
"Garlic & chilli Cottage Cheese with Wholewheat Tortilla Wrap & Green Beans","20260702000001_seed_owner_meals.sql",apply,2,664,549,-17,38.5,36,61.7,51.9,28.7,22.9,""
"Mediterranean Tuna Steak with Couscous & Cherry Tomatoes","20260702000001_seed_owner_meals.sql",apply,2,744,692,-7,77.6,68.5,66.8,68,16.9,15.4,""
"BBQ Turkey Breast with White Basmati Rice & Cucumber","20260702000001_seed_owner_meals.sql",apply,2,772,738,-4,76.8,65.8,71.5,78.8,16.6,16.7,""
"Indian-spiced Whole Eggs with Rye Bread & Mixed Peppers","20260702000001_seed_owner_meals.sql",apply,2,708,677,-4,41.9,40.1,56.9,57.3,34.5,32,""
"Mediterranean Chicken Breast with White Potato & Carrots","20260702000001_seed_owner_meals.sql",apply,2,729,751,3,77.5,78.5,51.8,58.7,21.7,22,""
"Moroccan-spiced Seitan with Wholegrain Bread & Asparagus Tips","20260702000001_seed_owner_meals.sql",apply,2,838,680,-19,72,73.9,82.3,52.1,20.4,19.5,""
"Mediterranean Haddock Fillet with Brown Rice & Tenderstem Broccoli","20260702000001_seed_owner_meals.sql",apply,2,644,628,-2,57,49.6,72,83.2,11.3,11.7,""
"Mediterranean Pork Tenderloin with White Basmati Rice & Peas","20260702000001_seed_owner_meals.sql",apply,2,791,875,11,68.2,73.8,71.8,90.6,22,22.4,""
"Asian-inspired Cooked Chickpeas with Bulgur Wheat & Red Onion","20260702000001_seed_owner_meals.sql",apply,2,740,807,9,33.8,35.4,114.9,121.8,18.7,24,""
"Garlic & chilli Paneer with White Basmati Rice & Peas","20260702000001_seed_owner_meals.sql",apply,2,1032,1188,15,50.6,60.8,79.6,104,56.9,57.3,""
"Cajun Firm Tofu with Butter Beans & Peas","20260702000001_seed_owner_meals.sql",apply,2,638,667,5,58.4,58.8,51.9,59.5,26.3,25.6,""
"Italian herb Whole Eggs with White Potato & Baby Spinach","20260702000001_seed_owner_meals.sql",apply,2,703,676,-4,38.9,41,54.4,53.2,37,34.1,""
"Asian-inspired King Prawns with White Basmati Rice & Courgette","20260702000001_seed_owner_meals.sql",apply,2,611,647,6,63.1,56.4,67.9,74.7,6.7,12.6,""
"Teriyaki Chicken Breast with Wholewheat Pasta & Carrots","20260702000001_seed_owner_meals.sql",apply,2,448,541,21,48.8,50.9,31.3,46.6,13.7,16.3,""
"BBQ Pork Tenderloin with Rolled Oats & Courgette","20260702000001_seed_owner_meals.sql",apply,2,329,321,-2,33.6,34.9,16,15.1,12.6,12.9,""
"Lemon herb Lamb Leg with Bulgur Wheat & Red Onion","20260702000001_seed_owner_meals.sql",apply,2,476,506,6,38.1,39.2,27.9,34.2,24.5,25.8,""
"BBQ Cooked Lentils with Rye Bread & Asparagus Tips","20260702000001_seed_owner_meals.sql",apply,2,397,511,29,19.7,25.1,49.5,71.8,14,15.7,""
"BBQ Whole Eggs with Butter Beans & Asparagus Tips","20260702000001_seed_owner_meals.sql",apply,2,369,337,-9,26.1,25.7,23.3,20.7,19,17,""
"Moroccan-spiced Egg Whites with Butter Beans & Mixed Peppers","20260702000001_seed_owner_meals.sql",apply,2,307,300,-2,21.8,20.8,29,30.2,12.7,12.8,""
"Asian-inspired Mackerel with White Potato & Kale","20260702000001_seed_owner_meals.sql",apply,2,470,532,13,29.1,32.7,31.5,32.5,24.5,31.4,""
"BBQ Edamame with Soba Noodles & Cherry Tomatoes","20260702000001_seed_owner_meals.sql",apply,2,416,409,-2,24.4,26.7,42,40.6,18.8,19,""
"Asian-inspired Edamame with Couscous & Carrots","20260702000001_seed_owner_meals.sql",apply,2,431,499,16,21.3,24,44.3,49.1,19.7,25.3,""
"Teriyaki Egg Whites with Wholewheat Tortilla Wrap & Red Onion","20260702000001_seed_owner_meals.sql",apply,2,349,472,35,22.2,25.5,28.1,48.8,16,20,""
"Italian herb Mackerel with Soba Noodles & Cherry Tomatoes","20260702000001_seed_owner_meals.sql",apply,2,492,485,-1,32,33.1,35.5,35.5,24.7,24.9,""
"Indian-spiced Quorn Mince with White Basmati Rice & Mixed Salad Leaves","20260702000001_seed_owner_meals.sql",apply,2,411,412,0,24.8,27.1,40.5,42.7,16.4,15.8,""
"Asian-inspired Cooked Lentils with Bulgur Wheat & Green Beans","20260702000001_seed_owner_meals.sql",apply,2,309,367,19,13.9,16.4,46.6,50.6,7.7,13,""
"Mediterranean Salmon Fillet with Wholewheat Tortilla Wrap & Green Beans","20260702000001_seed_owner_meals.sql",apply,2,532,609,14,40.3,37.6,27,41.6,30.4,32.5,""
"BBQ Lean Beef Mince (5%) with Wholewheat Tortilla Wrap & Baby Spinach","20260702000001_seed_owner_meals.sql",apply,2,410,565,38,39.9,43,23,32.8,16,27.9,""
"Lemon herb Cod Fillet with Quinoa & Mixed Salad Leaves","20260702000001_seed_owner_meals.sql",apply,2,418,385,-8,38.3,33.7,30,29.6,15.2,15.5,""
"Peri-peri King Prawns with Rolled Oats & Kale","20260702000001_seed_owner_meals.sql",apply,2,281,277,-1,34.7,33.1,17.2,18.5,7,8.8,""
"BBQ Whole Eggs with White Basmati Rice & Kale","20260702000001_seed_owner_meals.sql",apply,2,394,398,1,18.3,20.7,30.3,33.2,20.5,20.2,""
"Moroccan-spiced Lamb Leg with Sweet Potato & Courgette","20260702000001_seed_owner_meals.sql",apply,2,393,403,3,35.1,36.4,25,25.7,16.2,17.7,""
"Indian-spiced Cottage Cheese with White Potato & Red Onion","20260702000001_seed_owner_meals.sql",apply,2,281,287,2,15.2,16.7,25.1,32.3,12.3,10.4,""
"Indian-spiced Whole Eggs with Rolled Oats & Kale","20260702000001_seed_owner_meals.sql",apply,2,429,432,1,24.3,27.1,22.3,23.1,27.1,27.2,""
"Asian-inspired Lamb Leg with White Potato & Carrots","20260702000001_seed_owner_meals.sql",apply,2,440,521,18,36.3,37.9,31.5,37.7,18.7,25.2,""
"Cajun King Prawns with Bulgur Wheat & Cherry Tomatoes","20260702000001_seed_owner_meals.sql",apply,2,372,353,-5,37.2,33.7,28.3,29.5,13.1,13.8,""
"Mexican-style Tuna Steak with Soba Noodles & Baby Spinach","20260702000001_seed_owner_meals.sql",apply,2,434,412,-5,44.7,42.6,30.3,30.7,15.4,15,""
"Mexican-style Cod Fillet with Sweet Potato & Red Onion","20260702000001_seed_owner_meals.sql",apply,2,365,360,-1,30.8,26.3,31.2,37,12.9,13.5,""
"Indian-spiced Whole Eggs with Rolled Oats & Tenderstem Broccoli","20260702000001_seed_owner_meals.sql",apply,2,429,428,-0,24.3,26.8,22.3,25,27.1,26,""
"Cajun Turkey Breast with Brown Rice & Cucumber","20260702000001_seed_owner_meals.sql",apply,2,400,381,-5,43.7,38.4,27.3,31.1,11,11.4,""
"Italian herb Cooked Chickpeas with White Basmati Rice & Tenderstem Broccoli","20260702000001_seed_owner_meals.sql",apply,2,471,486,3,15.1,17.7,68.6,73.6,15.4,15.7,""
"Teriyaki Chicken Breast with Brown Rice & Cherry Tomatoes","20260702000001_seed_owner_meals.sql",apply,2,482,528,10,46.1,47.8,32,40.1,17.7,20,""
"Garlic & chilli Lamb Leg with Quinoa & Cauliflower","20260702000001_seed_owner_meals.sql",apply,2,462,484,5,40.7,42.9,25.3,28.3,21,22.5,""
"Indian-spiced Egg Whites with Rolled Oats & Mixed Salad Leaves","20260702000001_seed_owner_meals.sql",apply,2,173,173,0,14.2,16,12.8,12.6,6.3,6.9,""
"Asian-inspired Salmon Fillet with Quinoa & Baby Spinach","20260702000001_seed_owner_meals.sql",apply,2,319,369,16,28.6,27.2,14.9,15.1,16.1,21.7,""
"Garlic & chilli 0% Greek Yogurt with Wholegrain Bread & Courgette","20260702000001_seed_owner_meals.sql",apply,2,193,268,39,13.9,20.1,18.2,31.3,6.5,7.8,""
"Mediterranean Turkey Breast with Rolled Oats & Cauliflower","20260702000001_seed_owner_meals.sql",apply,2,244,228,-7,30.8,27.6,12.7,15,6.7,7.1,""
"Peri-peri Whole Eggs with Rolled Oats & Cucumber","20260702000001_seed_owner_meals.sql",apply,2,264,245,-7,14.8,15.2,13.8,14,16.2,14.8,""
"Mexican-style 0% Greek Yogurt with Rolled Oats & Baby Spinach","20260702000001_seed_owner_meals.sql",apply,2,168,174,4,12.9,16.5,17.8,18.3,4.2,5,""
"Lemon herb 0% Greek Yogurt with Rolled Oats & Carrots","20260702000001_seed_owner_meals.sql",apply,2,168,186,11,12.9,14.2,17.8,24.1,4.2,4.4,""
"Italian herb Cottage Cheese with Wholegrain Bread & Cauliflower","20260702000001_seed_owner_meals.sql",apply,2,231,292,26,15.7,22,17.9,31.9,10,9.3,""
"Teriyaki Cottage Cheese with Sweet Potato & Mixed Salad Leaves","20260702000001_seed_owner_meals.sql",apply,2,226,246,9,13.5,15.7,19.5,24.5,9.8,10,""
"Mediterranean Whole Eggs with Quinoa & Green Beans","20260702000001_seed_owner_meals.sql",apply,2,301,300,-0,17.2,18.8,17.7,21.7,17.4,16,""
"Teriyaki 0% Greek Yogurt with Sweet Potato & Cherry Tomatoes","20260702000001_seed_owner_meals.sql",apply,2,167,202,21,13.3,15.3,17.7,22.8,3.8,6,""
"Asian-inspired Egg Whites with Rolled Oats & Chestnut Mushrooms","20260702000001_seed_owner_meals.sql",apply,2,139,188,35,13.6,17.5,11.1,11,3,8.5,""
"BBQ Cottage Cheese with Sweet Potato & Tenderstem Broccoli","20260702000001_seed_owner_meals.sql",apply,2,215,207,-4,13.5,16.1,21.6,24.8,7.5,5.8,""
"Asian-inspired 0% Greek Yogurt with Sweet Potato & Baby Spinach","20260702000001_seed_owner_meals.sql",apply,2,187,237,27,12.5,16.4,19.7,19.9,5.9,11.5,""
"BBQ Turkey Breast with Wholegrain Bread & Kale","20260702000001_seed_owner_meals.sql",apply,2,270,333,23,33.2,35.1,14.6,27.1,7.6,10.1,""
"Teriyaki Turkey Breast with Wholegrain Bread & Chestnut Mushrooms","20260702000001_seed_owner_meals.sql",apply,2,268,360,34,33.7,36.6,14.5,31.1,7.2,10.5,""
"Indian-spiced 0% Greek Yogurt with Sweet Potato & Carrots","20260702000001_seed_owner_meals.sql",apply,2,187,210,12,12.5,14.1,19.7,26.2,5.9,6.5,""
"Teriyaki 0% Greek Yogurt with Sweet Potato & Peas","20260702000001_seed_owner_meals.sql",apply,2,175,273,56,11.4,17.9,20.3,35.4,5,7.4,""
"Cajun Whole Eggs with Quinoa & Tenderstem Broccoli","20260702000001_seed_owner_meals.sql",apply,2,266,266,0,16.6,19.1,16,19,14.1,13.1,""
"Lemon herb 0% Greek Yogurt with Wholegrain Bread & Baby Spinach","20260702000001_seed_owner_meals.sql",apply,2,193,267,38,13.9,21.4,18.2,30.5,6.5,7.9,""
"Moroccan-spiced Whole Eggs with Quinoa & Baby Spinach","20260702000001_seed_owner_meals.sql",apply,2,300,290,-3,16.9,19.5,17.7,18.5,17.4,16.3,""
"Asian-inspired Egg Whites with Wholegrain Bread & Cherry Tomatoes","20260702000001_seed_owner_meals.sql",apply,2,188,307,63,13.2,19.1,13.2,25.7,7.9,14.3,""
"Teriyaki Cottage Cheese with Rolled Oats & Cherry Tomatoes","20260702000001_seed_owner_meals.sql",apply,2,185,206,11,13.6,15.4,13.8,19.8,7.1,7.3,""
"Cajun 0% Greek Yogurt with Quinoa & Cherry Tomatoes","20260702000001_seed_owner_meals.sql",apply,2,203,201,-1,14.7,16.2,20.1,21.1,6.4,6.8,""
"Asian-inspired Cottage Cheese with Sweet Potato & Cauliflower","20260702000001_seed_owner_meals.sql",apply,2,214,252,18,12.4,15,20.1,22.5,8.9,12.4,""
"Teriyaki Whole Eggs with Quinoa & Cauliflower","20260702000001_seed_owner_meals.sql",apply,2,280,310,11,17.7,20,15.7,21.5,15.3,16.1,""
"Cajun Whole Eggs with Quinoa & Peas","20260702000001_seed_owner_meals.sql",apply,2,300,349,16,16.9,22.2,17.7,28.4,17.4,16.5,""
"Asian-inspired Cottage Cheese with Rolled Oats & Tenderstem Broccoli","20260702000001_seed_owner_meals.sql",apply,2,216,260,20,14.3,17.7,15.6,19.4,10,13.5,""
"Garlic & chilli Salmon Fillet with Sweet Potato & Cucumber","20260702000001_seed_owner_meals.sql",apply,2,334,333,-0,27.9,24,16.2,17.8,18.1,18.2,""
"Moroccan-spiced Egg Whites with Quinoa & Mixed Salad Leaves","20260702000001_seed_owner_meals.sql",apply,2,185,182,-2,13.8,15.3,17.9,18.3,5.7,5.9,""
"Mediterranean Cottage Cheese with Wholegrain Bread & Kale","20260702000001_seed_owner_meals.sql",apply,2,230,306,33,15.3,22.7,18.1,32.8,10,10.6,""
"Lemon herb Cottage Cheese with Rolled Oats & Baby Spinach","20260702000001_seed_owner_meals.sql",apply,2,207,193,-7,13.9,16.9,17.6,18.8,8.1,6.5,""
"Teriyaki 0% Greek Yogurt with Sweet Potato & Tenderstem Broccoli","20260702000001_seed_owner_meals.sql",apply,2,188,236,26,12.8,16.5,19.7,27.2,5.9,8.2,""
"Peri-peri Egg Whites with Wholegrain Bread & Mixed Peppers","20260702000001_seed_owner_meals.sql",apply,2,184,262,42,15.3,20.7,15.4,30.5,5.9,7.2,""
"Italian herb Turkey Breast with Sweet Potato & Kale","20260702000001_seed_owner_meals.sql",apply,2,264,253,-4,31.8,29.5,16.1,16.7,7,8.5,""
"BBQ Edamame with Rolled Oats & Tenderstem Broccoli","20260702000001_seed_owner_meals.sql",apply,2,285,291,2,19,23,29.2,30,10.4,10.9,""
"Lemon herb Chicken Breast with Rolled Oats & Mixed Peppers","20260702000001_seed_owner_meals.sql",apply,2,382,385,1,45.6,46.7,14.8,17.5,13.3,13.6,""
"Cajun Egg Whites with Bulgur Wheat & Baby Spinach","20260702000001_seed_owner_meals.sql",apply,2,234,238,2,18.2,21.4,21.7,22.8,7.5,8.1,""
"Asian-inspired Cod Fillet with Quinoa & Cucumber","20260702000001_seed_owner_meals.sql",apply,2,340,349,3,37.9,32.3,25,25.2,8.1,13.4,""
"Mexican-style Cod Fillet with Rolled Oats & Kale","20260702000001_seed_owner_meals.sql",apply,2,295,281,-5,36.1,32.4,16.9,18.2,7.6,9.6,""
"Garlic & chilli Black Beans with Sweet Potato & Cucumber","20260702000001_seed_owner_meals.sql",apply,2,346,345,-0,16.5,17.5,57.6,59.2,5.8,5.9,""
"Teriyaki Paneer with Soba Noodles & Red Onion","20260702000001_seed_owner_meals.sql",apply,2,545,645,18,31.3,36.2,26.7,40.3,36.5,38.4,""
"Teriyaki King Prawns with Couscous & Cucumber","20260702000001_seed_owner_meals.sql",apply,2,325,338,4,39,35.1,27.1,31.6,6,8.4,""
"Asian-inspired Seitan with Couscous & Cauliflower","20260702000001_seed_owner_meals.sql",apply,2,418,402,-4,39.8,42.4,44.7,32.3,5.1,10.4,""
"Mexican-style Cooked Chickpeas with White Potato & Chestnut Mushrooms","20260702000001_seed_owner_meals.sql",apply,2,383,388,1,16.1,19.4,59.2,59.4,9.1,9.9,""
"Mexican-style Seitan with Sweet Potato & Peas","20260702000001_seed_owner_meals.sql",apply,2,430,425,-1,36.4,42.2,41.6,38.5,9.9,10.6,""
"Lemon herb Haddock Fillet with Wholegrain Bread & Cherry Tomatoes","20260702000001_seed_owner_meals.sql",apply,2,301,370,23,35,35.9,23.5,41.6,5.2,6.7,""
"Garlic & chilli Cottage Cheese with Butter Beans & Mixed Peppers","20260702000001_seed_owner_meals.sql",apply,2,271,250,-8,23.1,22.6,24.5,27.8,8.6,5.8,""
"Garlic & chilli Egg Whites with Bulgur Wheat & Green Beans","20260702000001_seed_owner_meals.sql",apply,2,213,228,7,20.7,22.9,21.9,27.2,3.8,3.9,""
"Cajun Turkey Breast with Wholewheat Tortilla Wrap & Baby Spinach","20260702000001_seed_owner_meals.sql",apply,2,375,426,14,44.2,41.8,20.2,33,11.2,14,""
"Cajun Lean Beef Mince (5%) with White Basmati Rice & Red Onion","20260702000001_seed_owner_meals.sql",apply,2,438,573,31,42.2,42.2,28.6,37.7,15.5,27,""
"Moroccan-spiced Edamame with Wholewheat Tortilla Wrap & Mixed Salad Leaves","20260702000001_seed_owner_meals.sql",apply,2,355,429,21,19,23.7,34.2,45.2,16.1,18.7,""
"Mexican-style Turkey Breast with Wholegrain Bread & Carrots","20260702000001_seed_owner_meals.sql",apply,2,351,454,29,45.1,45.4,22,46,7.9,10,""
"Mexican-style Cod Fillet with Wholewheat Pasta & Green Beans","20260702000001_seed_owner_meals.sql",apply,2,332,344,4,37.6,33.2,31,38.8,6.5,7.4,""
"Asian-inspired Quorn Mince with Sweet Potato & Asparagus Tips","20260702000001_seed_owner_meals.sql",apply,2,301,340,13,23.5,27.1,31,30.8,9.3,13.2,""
"Indian-spiced Haddock Fillet with Rolled Oats & Baby Spinach","20260702000001_seed_owner_meals.sql",apply,2,276,246,-11,32.2,28.9,17.5,17.8,6.6,7.3,""
"Indian-spiced Egg Whites with Rolled Oats & Cauliflower","20260702000001_seed_owner_meals.sql",apply,2,221,229,4,19.3,21.6,17.9,19.8,6.9,7.7,""
"Italian herb Lean Beef Mince (5%) with Butter Beans & Red Onion","20260702000001_seed_owner_meals.sql",apply,2,392,502,28,46.6,44.5,19.4,22.9,13.6,24.6,""
"Lemon herb Lamb Leg with White Potato & Cherry Tomatoes","20260702000001_seed_owner_meals.sql",apply,2,408,419,3,36.8,37.7,19.3,19.9,19.7,21.3,""
"BBQ Cod Fillet with Wholewheat Tortilla Wrap & Kale","20260702000001_seed_owner_meals.sql",apply,2,329,384,17,37.9,35.6,22.4,34.8,8.1,11.7,""
"Italian herb Whole Eggs with White Basmati Rice & Baby Spinach","20260702000001_seed_owner_meals.sql",apply,2,410,400,-2,22.3,24.8,30.1,32,21.1,19.4,""
"Lemon herb Cooked Chickpeas with Brown Rice & Cauliflower","20260702000001_seed_owner_meals.sql",apply,2,415,427,3,16.6,18.5,64.6,69,9.9,10.3,""
"BBQ Salmon Fillet with Wholewheat Tortilla Wrap & Asparagus Tips","20260702000001_seed_owner_meals.sql",apply,2,475,547,15,40.3,37.3,22.3,34.2,25.7,27.9,""
"Italian herb Whole Eggs with Couscous & Green Beans","20260702000001_seed_owner_meals.sql",apply,2,391,381,-3,23.3,24.7,30.4,33,18.7,16.7,""
"BBQ Whole Eggs with Wholewheat Tortilla Wrap & Cucumber","20260702000001_seed_owner_meals.sql",apply,2,381,431,13,24.3,26.2,21.9,32.9,20.8,20.9,""
"Indian-spiced Firm Tofu with Wholegrain Bread & Chestnut Mushrooms","20260702000001_seed_owner_meals.sql",apply,2,364,477,31,28.3,38.3,24.8,43.5,18.4,20.1,""
"Mexican-style Tuna Steak with Wholewheat Tortilla Wrap & Cherry Tomatoes","20260702000001_seed_owner_meals.sql",apply,2,357,403,13,45.9,42.5,24.4,37.2,7,8.6,""
"Indian-spiced Lamb Leg with Quinoa & Baby Spinach","20260702000001_seed_owner_meals.sql",apply,2,443,464,5,41.1,44.3,25.1,25.6,19.3,21.6,""
"Mexican-style Edamame with Couscous & Peas","20260702000001_seed_owner_meals.sql",apply,2,354,418,18,21.3,28.5,40.7,50,12.2,13.3,""
"Cajun Chicken Breast with Soba Noodles & Chestnut Mushrooms","20260702000001_seed_owner_meals.sql",apply,2,405,407,0,49.5,53.1,25,25.4,10.7,11.1,""
"Asian-inspired King Prawns with Wholewheat Tortilla Wrap & Kale","20260702000001_seed_owner_meals.sql",apply,2,322,441,37,38.9,38.8,22.6,35.3,7.9,17,""
"Cajun Pork Tenderloin with Sweet Potato & Peas","20260702000001_seed_owner_meals.sql",apply,2,343,404,18,40.3,46,22.1,33.2,8.3,9,""
"Teriyaki Lamb Leg with Rye Bread & Chestnut Mushrooms","20260702000001_seed_owner_meals.sql",apply,2,383,565,48,39.6,47.1,18.8,47.3,15.6,21,""
"Peri-peri Cod Fillet with Brown Rice & Baby Spinach","20260702000001_seed_owner_meals.sql",apply,2,331,309,-7,36.6,32.7,26.9,30.3,6.8,7.3,""
"Garlic & chilli Lamb Leg with Bulgur Wheat & Carrots","20260702000001_seed_owner_meals.sql",apply,2,378,418,11,39.2,40.5,21.1,29.1,14.9,16.5,""
"Indian-spiced Tempeh with Rye Bread & Cherry Tomatoes","20260702000001_seed_owner_meals.sql",apply,2,434,562,29,31.8,38.1,33.1,55.9,21.7,24.1,""
"BBQ Turkey Breast with White Potato & Cucumber","20260702000001_seed_owner_meals.sql",apply,2,310,270,-13,43.8,37.1,19.7,19.5,4.3,4.4,""
"Mexican-style Lamb Leg with Rolled Oats & Cherry Tomatoes","20260702000001_seed_owner_meals.sql",apply,2,400,416,4,38.9,40.2,16.9,17.7,19.3,21.3,""
"Moroccan-spiced Lean Beef Mince (5%) with Soba Noodles & Courgette","20260702000001_seed_owner_meals.sql",apply,2,406,509,25,42.8,42.9,25.6,26.2,14.6,25.9,""
"Cajun Egg Whites with Rolled Oats & Cauliflower","20260702000001_seed_owner_meals.sql",apply,2,224,229,2,17.6,19.8,15.8,17.9,8.5,9.1,""
"Teriyaki Paneer with Brown Rice & Mixed Peppers","20260702000001_seed_owner_meals.sql",apply,2,550,649,18,30.7,35.6,26.9,40.1,35.9,38.3,""
"Indian-spiced Edamame with Wholewheat Tortilla Wrap & Tenderstem Broccoli","20260702000001_seed_owner_meals.sql",apply,2,332,422,27,21.5,27.8,35.6,49.1,11.7,14.8,""
"Indian-spiced Firm Tofu with Wholewheat Tortilla Wrap & Cherry Tomatoes","20260702000001_seed_owner_meals.sql",apply,2,398,475,19,31.2,34.3,25.4,39.4,20.6,22.9,""
"Asian-inspired Tempeh with Couscous & Mixed Salad Leaves","20260702000001_seed_owner_meals.sql",apply,2,454,498,10,34.4,38,38.3,35.7,20,25.4,""
"Peri-peri Turkey Breast with Wholewheat Pasta & Peas","20260702000001_seed_owner_meals.sql",apply,2,397,456,15,50.4,48.3,30.5,45.8,8.2,9,""
"Peri-peri Cooked Lentils with Butter Beans & Baby Spinach","20260702000001_seed_owner_meals.sql",apply,2,341,330,-3,22.3,23.4,51.3,50.1,6.1,6.2,""
"BBQ Tuna Steak with Soba Noodles & Cherry Tomatoes","20260702000001_seed_owner_meals.sql",apply,2,371,329,-11,50.4,44.6,24.9,24.8,7.2,6,""
"Mediterranean Firm Tofu with Brown Rice & Mixed Peppers","20260702000001_seed_owner_meals.sql",apply,2,382,398,4,30.3,31.6,27.8,35.1,17.6,17.6,""
"Mediterranean Cooked Lentils with Wholewheat Tortilla Wrap & Carrots","20260702000001_seed_owner_meals.sql",apply,2,359,457,27,19.1,22,52.3,71.3,8.1,10.5,""
"Teriyaki Seitan with White Basmati Rice & Tenderstem Broccoli","20260702000001_seed_owner_meals.sql",apply,2,467,450,-4,40.5,43.9,50.2,45.3,7.8,9.9,""
"Italian herb Paneer with Wholegrain Bread & Cauliflower","20260702000001_seed_owner_meals.sql",apply,2,573,729,27,30.9,42.4,21.1,43,41.3,43,""
"Mexican-style Firm Tofu with Wholegrain Bread & Baby Spinach","20260702000001_seed_owner_meals.sql",apply,2,389,503,29,31.9,41.7,24.3,43.5,19.8,21.6,""
"Moroccan-spiced 0% Greek Yogurt with White Potato & Cherry Tomatoes","20260702000001_seed_owner_meals.sql",apply,2,209,207,-1,18.2,19.6,25.1,26.6,2.8,3,""
"BBQ Quorn Mince with White Basmati Rice & Kale","20260702000001_seed_owner_meals.sql",apply,2,342,351,3,25.5,29.2,36.2,38.6,9.8,9.8,""
"Indian-spiced Egg Whites with Wholewheat Pasta & Cherry Tomatoes","20260702000001_seed_owner_meals.sql",apply,2,273,305,12,23.4,25.1,31.6,36.4,6.3,7.3,""
"Cajun Seitan with Wholewheat Pasta & Red Onion","20260702000001_seed_owner_meals.sql",apply,2,480,458,-5,44.4,46.2,51.5,46.9,9,9.6,""
"BBQ Haddock Fillet with Rolled Oats & Cherry Tomatoes","20260702000001_seed_owner_meals.sql",apply,2,296,252,-15,36.2,30.1,16.8,16.7,7.2,7.2,""
"Indian-spiced Chicken Breast with White Basmati Rice & Cauliflower","20260702000001_seed_owner_meals.sql",apply,2,429,445,4,49.5,51.8,29.2,33.6,10.2,10.9,""
"Cajun Whole Eggs with Wholewheat Pasta & Baby Spinach","20260702000001_seed_owner_meals.sql",apply,2,396,413,4,25.7,28.7,30.4,34.5,19.6,18.4,""
"BBQ Chicken Breast with Soba Noodles & Peas","20260702000001_seed_owner_meals.sql",apply,2,422,478,13,52.9,58.5,25,35,11.1,11.3,""
"Indian-spiced Paneer with Butter Beans & Cucumber","20260702000001_seed_owner_meals.sql",apply,2,565,597,6,35,37.2,23.2,25.1,38.9,39.1,""
"Moroccan-spiced Cooked Chickpeas with White Potato & Mixed Peppers","20260702000001_seed_owner_meals.sql",apply,2,402,408,1,15.3,16.2,59.8,63.4,11,11.3,""
"Indian-spiced Haddock Fillet with White Basmati Rice & Red Onion","20260702000001_seed_owner_meals.sql",apply,2,343,336,-2,35.9,30.3,28.6,37.5,6.6,7,""
"Mexican-style Egg Whites with Sweet Potato & Baby Spinach","20260702000001_seed_owner_meals.sql",apply,2,241,247,2,19.9,23.2,25.2,25.6,5.8,6.6,""
"Teriyaki Pork Tenderloin with Quinoa & Green Beans","20260702000001_seed_owner_meals.sql",apply,2,406,454,12,45.5,48.1,24.9,33.1,12,14.1,""
"Mexican-style Lamb Leg with Sweet Potato & Mixed Salad Leaves","20260702000001_seed_owner_meals.sql",apply,2,433,449,4,40.9,42.7,24.1,23.9,19,21.1,""
"Cajun Pork Tenderloin with Butter Beans & Kale","20260702000001_seed_owner_meals.sql",apply,2,384,388,1,45.3,46.6,19.3,18.9,12.7,14.2,""
"BBQ Quorn Mince with Bulgur Wheat & Green Beans","20260702000001_seed_owner_meals.sql",apply,2,290,287,-1,26.3,28.8,28.4,31,8,6.6,""
"Moroccan-spiced Black Beans with White Potato & Mixed Salad Leaves","20260702000001_seed_owner_meals.sql",apply,2,350,347,-1,17.4,18.7,57.5,58,5.8,6.1,""
"Teriyaki Salmon Fillet with White Basmati Rice & Baby Spinach","20260702000001_seed_owner_meals.sql",apply,2,486,534,10,42.4,38.6,26.6,34.1,23.1,25.5,""
"Asian-inspired Mackerel with Wholewheat Tortilla Wrap & Courgette","20260702000001_seed_owner_meals.sql",apply,2,458,579,26,33.5,37.2,20.6,32.3,25,32.8,""
"Lemon herb Egg Whites with White Potato & Red Onion","20260702000001_seed_owner_meals.sql",apply,2,234,251,7,18.3,19.4,20.4,26.3,7.4,7.5,""
"Italian herb Tempeh with Wholewheat Pasta & Cucumber","20260702000001_seed_owner_meals.sql",apply,2,473,495,5,35,37.7,46,47.6,20.6,21.1,""
"Teriyaki Mackerel with Sweet Potato & Kale","20260702000001_seed_owner_meals.sql",apply,2,436,488,12,31.3,35,22.4,28,23,26.7,""
"Asian-inspired Quorn Mince with Sweet Potato & Carrots","20260702000001_seed_owner_meals.sql",apply,2,279,338,21,23.8,26.2,29.9,35.4,6.7,10.6,""
"Peri-peri Cod Fillet with Wholegrain Bread & Cauliflower","20260702000001_seed_owner_meals.sql",apply,2,330,407,23,40.5,41.5,21.5,41.1,7.3,9.1,""
"Mexican-style Lamb Leg with Butter Beans & Mixed Salad Leaves","20260702000001_seed_owner_meals.sql",apply,2,404,409,1,45.2,45.1,19.7,17.6,16.1,17.9,""
"Lemon herb 0% Greek Yogurt with Brown Rice & Green Beans","20260702000001_seed_owner_meals.sql",apply,2,273,291,7,19.8,22.2,32.1,38.5,6.4,6.6,""
"Italian herb Quorn Mince with Butter Beans & Cherry Tomatoes","20260702000001_seed_owner_meals.sql",apply,2,319,291,-9,29.3,29.2,28.9,26.2,10.4,8.8,""
"Garlic & chilli Black Beans with Sweet Potato & Chestnut Mushrooms","20260702000001_seed_owner_meals.sql",apply,2,341,347,2,17.4,20.8,58.1,59.4,4.1,4.5,""
"Cajun Seitan with Soba Noodles & Tenderstem Broccoli","20260702000001_seed_owner_meals.sql",apply,2,459,397,-14,43.6,46.7,46,34.4,8.7,8.9,""
"Garlic & chilli Haddock Fillet with Soba Noodles & Baby Spinach","20260702000001_seed_owner_meals.sql",apply,2,303,272,-10,38.4,34.8,23,24.6,4.5,4.6,""
"Cajun King Prawns with Rolled Oats & Kale","20260702000001_seed_owner_meals.sql",apply,2,296,291,-2,40.7,38.1,17.1,18.3,6.7,8.8,""
"Italian herb Whole Eggs with Couscous & Chestnut Mushrooms","20260702000001_seed_owner_meals.sql",apply,2,416,396,-5,25,27.6,28.6,27.3,21.7,19.7,""
"Moroccan-spiced Haddock Fillet with Butter Beans & Carrots","20260702000001_seed_owner_meals.sql",apply,2,283,254,-10,39.2,31.2,19.7,25,3.5,3.3,""
"Mexican-style Mackerel with Soba Noodles & Peas","20260702000001_seed_owner_meals.sql",apply,2,483,547,13,32.9,38.9,22.9,33.8,28.1,28.9,""
"BBQ Tempeh with Brown Rice & Baby Spinach","20260702000001_seed_owner_meals.sql",apply,2,454,462,2,33.3,37.8,38.3,38.5,20.6,21.1,""
"Asian-inspired Quorn Mince with Wholegrain Bread & Baby Spinach","20260702000001_seed_owner_meals.sql",apply,2,291,440,51,26.3,37.2,27.2,44.2,7.9,13.4,""
"Indian-spiced Cooked Lentils with Brown Rice & Kale","20260702000001_seed_owner_meals.sql",apply,2,326,354,9,17.2,20.6,55.1,59.1,3.5,5.5,""
"Garlic & chilli Paneer with Rolled Oats & Cherry Tomatoes","20260702000001_seed_owner_meals.sql",apply,2,546,594,9,30.9,35.2,18.7,23.9,39.7,39.9,""
"Mexican-style Cod Fillet with Couscous & Cherry Tomatoes","20260702000001_seed_owner_meals.sql",apply,2,324,290,-10,40.4,34.2,24.8,25.6,4.5,5.2,""
"BBQ Haddock Fillet with White Basmati Rice & Cherry Tomatoes","20260702000001_seed_owner_meals.sql",apply,2,340,304,-11,36,29.9,28.7,31.3,6.2,6.2,""
"Teriyaki Pork Tenderloin with Rye Bread & Red Onion","20260702000001_seed_owner_meals.sql",apply,2,381,566,49,42.2,47.7,18.4,52.9,13.2,17,""
"Mexican-style Tempeh with Quinoa & Cauliflower","20260702000001_seed_owner_meals.sql",apply,2,480,487,1,35,38.7,38.4,38.2,23.2,24,""
"BBQ Cottage Cheese with Quinoa & Cauliflower","20260702000001_seed_owner_meals.sql",apply,2,306,285,-7,21.9,23.8,28.4,30.8,10.3,7.6,""
"Garlic & chilli Lamb Leg with Sweet Potato & Tenderstem Broccoli","20260702000001_seed_owner_meals.sql",apply,2,251,275,10,21.2,24.2,14.7,18.8,11.7,12.9,""
"Mexican-style Salmon Fillet with Butter Beans & Cucumber","20260702000001_seed_owner_meals.sql",apply,2,276,269,-3,23.4,19.6,13.5,13,15.1,15.5,""
"Indian-spiced Edamame with White Basmati Rice & Cucumber","20260702000001_seed_owner_meals.sql",apply,2,232,233,0,9.9,11.7,22,22.8,11.1,11.8,""
"Lemon herb Cod Fillet with Couscous & Kale","20260702000001_seed_owner_meals.sql",apply,2,202,196,-3,20.5,19.5,15.9,16.8,5.1,6.7,""
"Mediterranean Paneer with White Potato & Baby Spinach","20260702000001_seed_owner_meals.sql",apply,2,327,355,9,16.9,21.6,13.9,16.6,23,23.5,""
"Mexican-style Quorn Mince with Bulgur Wheat & Tenderstem Broccoli","20260702000001_seed_owner_meals.sql",apply,2,197,206,5,14.9,18.3,17.4,20.4,7.5,7.4,""
"Indian-spiced Black Beans with Wholewheat Tortilla Wrap & Courgette","20260702000001_seed_owner_meals.sql",apply,2,236,309,31,8.8,12.3,30.4,42,8.3,10.9,""
"Peri-peri Tuna Steak with Soba Noodles & Kale","20260702000001_seed_owner_meals.sql",apply,2,229,224,-2,27.7,27,14.4,15.9,6.2,7,""
"Cajun Chicken Breast with Wholewheat Tortilla Wrap & Tenderstem Broccoli","20260702000001_seed_owner_meals.sql",apply,2,262,347,32,28.4,33.3,13.3,28.3,9.2,11.6,""
"Mediterranean 0% Greek Yogurt with Butter Beans & Mixed Peppers","20260702000001_seed_owner_meals.sql",apply,2,158,159,1,12.5,13.1,17.9,20.4,3.6,3.9,""
"Lemon herb Black Beans with Quinoa & Baby Spinach","20260702000001_seed_owner_meals.sql",apply,2,238,238,0,10.7,13.5,33.7,34,6.6,7,""
"Garlic & chilli Turkey Breast with Wholewheat Pasta & Cucumber","20260702000001_seed_owner_meals.sql",apply,2,223,219,-2,27.8,24.9,14.9,18.4,4.9,5.2,""
"Teriyaki Turkey Breast with Wholewheat Tortilla Wrap & Kale","20260702000001_seed_owner_meals.sql",apply,2,203,312,54,26.2,27.7,11.6,28.9,4.2,9.6,""
"Asian-inspired Mackerel with Couscous & Cucumber","20260702000001_seed_owner_meals.sql",apply,2,292,334,14,18.8,20.2,15.4,15.6,16.2,21.6,""
"Mexican-style Chicken Breast with Bulgur Wheat & Red Onion","20260702000001_seed_owner_meals.sql",apply,2,217,239,10,27.4,28.9,11.8,18.2,5.1,5.6,""
"Italian herb Paneer with Wholegrain Bread & Cucumber","20260702000001_seed_owner_meals.sql",apply,2,335,410,22,18.6,24.5,13.8,24.8,23.2,24.1,""
"Garlic & chilli Tuna Steak with Wholewheat Tortilla Wrap & Cauliflower","20260702000001_seed_owner_meals.sql",apply,2,215,279,30,27.3,27.9,11.3,25.9,5.3,6.8,""
"Teriyaki Mackerel with Rolled Oats & Chestnut Mushrooms","20260702000001_seed_owner_meals.sql",apply,2,258,297,15,18.7,22.6,8.9,13.4,15,17.4,""
"Teriyaki Tuna Steak with Couscous & Peas","20260702000001_seed_owner_meals.sql",apply,2,224,304,36,26.4,28.9,17.4,32.6,4.2,6,""
"Asian-inspired Cottage Cheese with Soba Noodles & Cherry Tomatoes","20260702000001_seed_owner_meals.sql",apply,2,203,236,16,12.5,14.1,17.2,18.4,9,12.7,""
"Asian-inspired Cod Fillet with Bulgur Wheat & Courgette","20260702000001_seed_owner_meals.sql",apply,2,203,229,13,21.6,19.5,13.5,13.4,6,11.5,""
"Asian-inspired Edamame with Quinoa & Green Beans","20260702000001_seed_owner_meals.sql",apply,2,231,289,25,12.6,15.9,22.5,25.2,10.2,15.6,""
"BBQ Firm Tofu with Soba Noodles & Baby Spinach","20260702000001_seed_owner_meals.sql",apply,2,228,226,-1,17.3,20.2,18.2,18.4,10.4,10.5,""
"BBQ Firm Tofu with White Potato & Mixed Salad Leaves","20260702000001_seed_owner_meals.sql",apply,2,229,221,-3,16.5,17.9,14.6,14.1,12.2,12.2,""
"BBQ Haddock Fillet with Soba Noodles & Cucumber","20260702000001_seed_owner_meals.sql",apply,2,192,162,-16,20.5,17.5,16.6,16.2,3.7,3.6,""
"Teriyaki Firm Tofu with Soba Noodles & Carrots","20260702000001_seed_owner_meals.sql",apply,2,242,300,24,15.6,17.3,14,25.4,14.3,16.2,""
"Teriyaki Turkey Breast with Rolled Oats & Green Beans","20260702000001_seed_owner_meals.sql",apply,2,223,254,14,24.2,22.6,8.8,17.1,8.8,10.9,""
"Garlic & chilli Egg Whites with Wholewheat Pasta & Asparagus Tips","20260702000001_seed_owner_meals.sql",apply,2,174,192,10,13,15.8,17.6,21.2,5.6,5.9,""
"Cajun Cottage Cheese with Wholewheat Tortilla Wrap & Baby Spinach","20260702000001_seed_owner_meals.sql",apply,2,196,262,34,12.1,17.3,18.1,31.1,7.5,8.4,""
"Moroccan-spiced Edamame with Butter Beans & Red Onion","20260702000001_seed_owner_meals.sql",apply,2,199,214,8,14.1,15.2,18.9,24.1,7.5,7.7,""
"Asian-inspired King Prawns with Bulgur Wheat & Chestnut Mushrooms","20260702000001_seed_owner_meals.sql",apply,2,315,350,11,31,30.9,39,39.3,4.3,10,""
"Italian herb Paneer with White Basmati Rice & Green Beans","20260702000001_seed_owner_meals.sql",apply,2,545,598,10,22.3,26.2,45.2,55.3,29.5,29.6,""
"Garlic & chilli Cooked Lentils with Soba Noodles & Carrots","20260702000001_seed_owner_meals.sql",apply,2,370,395,7,19.8,21.4,60,67.6,6.9,6.8,""
"BBQ Lean Beef Mince (5%) with Rolled Oats & Red Onion","20260702000001_seed_owner_meals.sql",apply,2,374,465,24,30.8,31.1,23.2,28.5,16.2,24.3,""
"Mexican-style Lamb Leg with Wholegrain Bread & Mixed Peppers","20260702000001_seed_owner_meals.sql",apply,2,412,470,14,34.9,39.8,31.4,39.8,15.2,17.4,""
"Mexican-style Mackerel with White Potato & Kale","20260702000001_seed_owner_meals.sql",apply,2,417,435,4,23,26.3,34.8,35.9,20.1,22.1,""
"Teriyaki Lamb Leg with Brown Rice & Tenderstem Broccoli","20260702000001_seed_owner_meals.sql",apply,2,454,530,17,31.7,35.2,43.4,55.7,16.4,19.9,""
"Asian-inspired Lamb Leg with Brown Rice & Tenderstem Broccoli","20260702000001_seed_owner_meals.sql",apply,2,446,533,20,29.2,32.6,40.8,48.5,17.4,24.1,""
"Teriyaki Egg Whites with Butter Beans & Carrots","20260702000001_seed_owner_meals.sql",apply,2,283,320,13,24.2,22.6,36.9,44.4,4.7,6.4,""
"Moroccan-spiced Tempeh with Wholewheat Pasta & Baby Spinach","20260702000001_seed_owner_meals.sql",apply,2,485,544,12,30,34.8,58.8,65.9,18.8,19.8,""
"Moroccan-spiced Pork Tenderloin with Wholewheat Pasta & Cauliflower","20260702000001_seed_owner_meals.sql",apply,2,437,498,14,37.5,40.3,49.6,59.4,11.3,12.2,""
"Asian-inspired Cooked Lentils with Brown Rice & Cucumber","20260702000001_seed_owner_meals.sql",apply,2,369,428,16,16.2,17.7,61,66,5.8,11.3,""
"Moroccan-spiced Chicken Breast with Butter Beans & Baby Spinach","20260702000001_seed_owner_meals.sql",apply,2,407,389,-4,44.7,44.3,33.8,31.7,10.4,10.3,""
"Garlic & chilli Edamame with Wholewheat Tortilla Wrap & Green Beans","20260702000001_seed_owner_meals.sql",apply,2,370,385,4,20.4,22.6,43,46.2,12.6,13.5,""
"BBQ Paneer with White Potato & Mixed Peppers","20260702000001_seed_owner_meals.sql",apply,2,477,509,7,22,25,36,40,28.2,28.5,""
"Moroccan-spiced Cooked Lentils with Bulgur Wheat & Cucumber","20260702000001_seed_owner_meals.sql",apply,2,338,333,-1,14.8,15.5,57.4,59,6.7,6.8,""
"Mexican-style Firm Tofu with Rye Bread & Cucumber","20260702000001_seed_owner_meals.sql",apply,2,381,445,17,24.8,26.9,34.1,48.2,17.1,18.4,""
"Teriyaki Pork Tenderloin with Couscous & Asparagus Tips","20260702000001_seed_owner_meals.sql",apply,2,396,432,9,35.1,38.1,41,46.1,7.8,9.9,""
"Peri-peri Quorn Mince with White Basmati Rice & Red Onion","20260702000001_seed_owner_meals.sql",apply,2,377,403,7,20.4,22,54,64.7,7.2,6.3,""
"Teriyaki Salmon Fillet with Bulgur Wheat & Asparagus Tips","20260702000001_seed_owner_meals.sql",apply,2,424,461,9,32,30,38.8,44.5,17,19.1,""
"Moroccan-spiced Pork Tenderloin with Rolled Oats & Chestnut Mushrooms","20260702000001_seed_owner_meals.sql",apply,2,343,345,1,29.8,33.2,23.2,24.1,12.7,13.1,""
"Garlic & chilli Whole Eggs with White Basmati Rice & Chestnut Mushrooms","20260702000001_seed_owner_meals.sql",apply,2,422,430,2,20.3,23.4,45.3,50.9,15.4,14.3,""
"Mexican-style Cod Fillet with Brown Rice & Cauliflower","20260702000001_seed_owner_meals.sql",apply,2,368,370,1,29.2,26.6,45.8,52.5,5.9,6.8,""
"Cajun Cod Fillet with Rolled Oats & Chestnut Mushrooms","20260702000001_seed_owner_meals.sql",apply,2,314,294,-6,29.8,28.4,25.6,26,8.9,9.5,""
"Indian-spiced Firm Tofu with White Basmati Rice & Mixed Peppers","20260702000001_seed_owner_meals.sql",apply,2,432,455,5,23.8,25.2,48.6,57.1,15.5,15.9,""
"Lemon herb Egg Whites with Bulgur Wheat & Baby Spinach","20260702000001_seed_owner_meals.sql",apply,2,268,268,0,18,20.9,39.5,40.4,4.2,4.7,""
"Mediterranean Cooked Chickpeas with Couscous & Cherry Tomatoes","20260702000001_seed_owner_meals.sql",apply,2,417,415,-0,18.1,19.1,68,69.2,6.9,7.2,""
"Cajun Black Beans with Bulgur Wheat & Red Onion","20260702000001_seed_owner_meals.sql",apply,2,361,382,6,16,17.3,60.3,67.3,7.3,7.7,""
"Moroccan-spiced Cod Fillet with Soba Noodles & Courgette","20260702000001_seed_owner_meals.sql",apply,2,320,294,-8,32.5,29.1,38.1,38.8,3.7,3.7,""
"Cajun King Prawns with White Potato & Green Beans","20260702000001_seed_owner_meals.sql",apply,2,319,316,-1,29.2,27.4,33.9,37.8,6.9,7.5,""
"Lemon herb Edamame with Soba Noodles & Courgette","20260702000001_seed_owner_meals.sql",apply,2,374,368,-2,21.4,23.9,50.2,48.9,11.5,11.7,""
"Mediterranean Lean Beef Mince (5%) with Wholegrain Bread & Asparagus Tips","20260702000001_seed_owner_meals.sql",apply,2,430,546,27,36.3,41.2,33.7,40.6,15.7,24.4,""
"Peri-peri Haddock Fillet with Brown Rice & Kale","20260702000001_seed_owner_meals.sql",apply,2,375,380,1,27.2,25.6,43.3,49.6,8.5,10.1,""
"Mediterranean Edamame with Rolled Oats & Peas","20260702000001_seed_owner_meals.sql",apply,2,308,369,20,17.8,24.6,33.4,43.6,11.2,11.9,""
"Mexican-style 0% Greek Yogurt with White Potato & Cherry Tomatoes","20260702000001_seed_owner_meals.sql",apply,2,271,272,0,14,15.6,38.4,39,6.6,7.2,""
"Lemon herb Cooked Chickpeas with Butter Beans & Red Onion","20260702000001_seed_owner_meals.sql",apply,2,408,404,-1,22.2,19.9,60.7,63.4,9.9,9.5,""
"BBQ Cooked Lentils with Quinoa & Tenderstem Broccoli","20260702000001_seed_owner_meals.sql",apply,2,391,397,2,18.1,20.7,62.6,64.9,7.2,7.5,""
"Mexican-style Cooked Chickpeas with Rye Bread & Cherry Tomatoes","20260702000001_seed_owner_meals.sql",apply,2,401,468,17,16.8,19,59.1,72.7,10.7,12.4,""
"Mexican-style Turkey Breast with White Potato & Asparagus Tips","20260702000001_seed_owner_meals.sql",apply,2,315,296,-6,33.9,31.1,31.7,32.6,4.2,4.7,""
"Peri-peri King Prawns with Butter Beans & Courgette","20260702000001_seed_owner_meals.sql",apply,2,335,295,-12,36,30,35,31.4,7.1,7.1,""
"Mexican-style Paneer with Couscous & Green Beans","20260702000001_seed_owner_meals.sql",apply,2,539,583,8,26.6,30.8,44.6,50.7,28.3,28.9,""
"Peri-peri Tempeh with Soba Noodles & Cucumber","20260702000001_seed_owner_meals.sql",apply,2,424,417,-2,29.8,31.9,46.8,46.1,15.4,15.2,""
"Cajun Turkey Breast with Quinoa & Asparagus Tips","20260702000001_seed_owner_meals.sql",apply,2,421,401,-5,38.6,35.7,40.2,41.3,10.5,10.9,""
"Mediterranean Cod Fillet with Rye Bread & Kale","20260702000001_seed_owner_meals.sql",apply,2,302,361,20,30.4,29.6,30.1,44.7,4.8,7.4,""
"Italian herb Lamb Leg with Sweet Potato & Asparagus Tips","20260702000001_seed_owner_meals.sql",apply,2,413,420,2,30.6,32.9,38.4,38.4,15.2,16.3,""
"Asian-inspired Paneer with Wholegrain Bread & Cherry Tomatoes","20260702000001_seed_owner_meals.sql",apply,2,519,634,22,27.9,35,34.8,43.1,30.2,36.1,""
"Peri-peri Paneer with Sweet Potato & Mixed Salad Leaves","20260702000001_seed_owner_meals.sql",apply,2,492,518,5,21.4,24.8,40.8,42.8,28.2,28.4,""
"Teriyaki Lean Beef Mince (5%) with Wholegrain Bread & Cauliflower","20260702000001_seed_owner_meals.sql",apply,2,416,573,38,35.9,41.1,36.2,48,13,23.7,""
"Mexican-style Egg Whites with Rye Bread & Cherry Tomatoes","20260702000001_seed_owner_meals.sql",apply,2,287,354,23,19.3,21.6,32.9,46.5,7.8,9.5,""
"Lemon herb Cooked Chickpeas with Rolled Oats & Cherry Tomatoes","20260702000001_seed_owner_meals.sql",apply,2,373,368,-1,15.8,16.8,52.6,53.2,10.8,11.1,""
"Asian-inspired Egg Whites with Soba Noodles & Tenderstem Broccoli","20260702000001_seed_owner_meals.sql",apply,2,284,342,20,21.8,25.5,38.5,41.4,4.6,9.8,""
"Mexican-style Cod Fillet with White Basmati Rice & Asparagus Tips","20260702000001_seed_owner_meals.sql",apply,2,388,382,-2,28.1,25.7,47.6,53,7.2,7.7,""
"Asian-inspired King Prawns with Butter Beans & Tenderstem Broccoli","20260702000001_seed_owner_meals.sql",apply,2,320,343,7,38.2,34.2,31.6,30.9,5.1,10.3,""
"Indian-spiced Cottage Cheese with Bulgur Wheat & Mixed Peppers","20260702000001_seed_owner_meals.sql",apply,2,318,312,-2,16,17.3,37.2,41.6,11.6,10.4,""
"Mediterranean Salmon Fillet with Sweet Potato & Courgette","20260702000001_seed_owner_meals.sql",apply,2,429,426,-1,29.6,26,41,41.5,16.9,17.3,""
"Teriyaki Chicken Breast with Soba Noodles & Cherry Tomatoes","20260702000001_seed_owner_meals.sql",apply,2,552,587,6,67.3,69.4,46.5,51.6,9.6,11.4,""
"Lemon herb Cottage Cheese with White Basmati Rice & Courgette","20260702000001_seed_owner_meals.sql",apply,2,516,503,-3,27.6,28.8,62.6,70.1,14.8,11.5,""
"Moroccan-spiced Firm Tofu with White Potato & Tenderstem Broccoli","20260702000001_seed_owner_meals.sql",apply,2,470,481,2,36.3,39,42.1,47.5,18.9,18.7,""
"Asian-inspired Edamame with Rye Bread & Mixed Salad Leaves","20260702000001_seed_owner_meals.sql",apply,2,450,526,17,28.7,32.2,54.5,58.4,13.5,19.9,""
"Garlic & chilli Egg Whites with White Basmati Rice & Green Beans","20260702000001_seed_owner_meals.sql",apply,2,432,465,8,27.2,29.4,57.8,68.8,7.4,7.6,""
"Garlic & chilli Paneer with Sweet Potato & Peas","20260702000001_seed_owner_meals.sql",apply,2,743,864,16,38.1,47.5,48.8,64.7,45.8,46.2,""
"Lemon herb Tuna Steak with Soba Noodles & Mixed Peppers","20260702000001_seed_owner_meals.sql",apply,2,509,471,-7,65,58.2,46.2,48.8,6.9,5.4,""
"Garlic & chilli Lean Beef Mince (5%) with Bulgur Wheat & Courgette","20260702000001_seed_owner_meals.sql",apply,2,566,704,24,54.8,54.6,41.2,43.1,20,34.7,""
"Italian herb Lamb Leg with Quinoa & Mixed Peppers","20260702000001_seed_owner_meals.sql",apply,2,660,682,3,55.8,56.9,48.5,50.6,26.5,28.6,""
"Peri-peri Black Beans with Wholewheat Tortilla Wrap & Asparagus Tips","20260702000001_seed_owner_meals.sql",apply,2,555,509,-8,26.6,26.1,85.7,78.9,12,11.7,""
"Lemon herb Seitan with Soba Noodles & Kale","20260702000001_seed_owner_meals.sql",apply,2,629,553,-12,55.6,58.9,74.8,57.7,10.2,11.1,""
"Moroccan-spiced Quorn Mince with Bulgur Wheat & Cauliflower","20260702000001_seed_owner_meals.sql",apply,2,442,436,-1,34.4,37.3,52.6,55.1,11.8,10.3,""
"Mediterranean Haddock Fillet with Couscous & Chestnut Mushrooms","20260702000001_seed_owner_meals.sql",apply,2,497,454,-9,47.9,42.7,52.6,53.3,7.5,7.7,""
"Indian-spiced Cooked Lentils with Wholegrain Bread & Mixed Salad Leaves","20260702000001_seed_owner_meals.sql",apply,2,501,500,-0,27.3,30.9,76.6,75.2,9.5,10.1,""
"Italian herb Seitan with Wholewheat Tortilla Wrap & Kale","20260702000001_seed_owner_meals.sql",apply,2,619,497,-20,54.7,55.1,65.7,40.4,10.7,11.7,""
"Asian-inspired Egg Whites with White Basmati Rice & Carrots","20260702000001_seed_owner_meals.sql",apply,2,419,505,21,27.2,28.8,60.3,72.5,4.7,10.1,""
"Asian-inspired Salmon Fillet with Sweet Potato & Carrots","20260702000001_seed_owner_meals.sql",apply,2,641,709,11,50.7,43.3,46.6,52.8,29.6,35,""
"Teriyaki Cod Fillet with White Potato & Cherry Tomatoes","20260702000001_seed_owner_meals.sql",apply,2,430,423,-2,45.4,38.1,38,43.1,8.5,10.7,""
"Mexican-style Tempeh with Butter Beans & Chestnut Mushrooms","20260702000001_seed_owner_meals.sql",apply,2,627,606,-3,50.6,51.7,56.7,50.2,27.3,27.4,""
"Peri-peri Edamame with Soba Noodles & Mixed Peppers","20260702000001_seed_owner_meals.sql",apply,2,505,509,1,30.4,33.7,67.6,68.5,15.6,15.9,""
"Mediterranean Cooked Chickpeas with Rye Bread & Cauliflower","20260702000001_seed_owner_meals.sql",apply,2,566,602,6,25.9,27.4,87.2,96,12.7,13.7,""
"Asian-inspired Black Beans with Sweet Potato & Cherry Tomatoes","20260702000001_seed_owner_meals.sql",apply,2,496,541,9,19.4,20.8,87.2,87.7,8.1,13.5,""
"BBQ Turkey Breast with White Potato & Cauliflower","20260702000001_seed_owner_meals.sql",apply,2,480,443,-8,58.2,50.6,43,44.2,6.6,6.9,""
"Italian herb Egg Whites with Wholewheat Pasta & Mixed Salad Leaves","20260702000001_seed_owner_meals.sql",apply,2,437,500,14,33.4,35.9,61.7,69.6,8.6,9.6,""
"Cajun Black Beans with Butter Beans & Courgette","20260702000001_seed_owner_meals.sql",apply,2,519,491,-5,32.6,29.7,83.7,79.7,8.4,8.3,""
"Cajun 0% Greek Yogurt with Butter Beans & Kale","20260702000001_seed_owner_meals.sql",apply,2,347,337,-3,33.7,33.2,45,42.3,4.2,5.4,""
"BBQ Mackerel with Butter Beans & Cucumber","20260702000001_seed_owner_meals.sql",apply,2,649,613,-6,51.2,47.7,40.4,35.8,32,31.7,""
"Peri-peri Cooked Chickpeas with White Basmati Rice & Cucumber","20260702000001_seed_owner_meals.sql",apply,2,634,645,2,23.6,24.2,105.1,111.8,11.8,11.9,""
"Indian-spiced Edamame with White Basmati Rice & Chestnut Mushrooms","20260702000001_seed_owner_meals.sql",apply,2,555,578,4,28.2,33.5,74.4,78.6,15.6,16.7,""
"BBQ Tempeh with Brown Rice & Cucumber","20260702000001_seed_owner_meals.sql",apply,2,665,677,2,42.4,45.1,68.6,71.7,27.6,27.9,""
"BBQ Firm Tofu with Wholewheat Pasta & Carrots","20260702000001_seed_owner_meals.sql",apply,2,596,682,14,42,43.9,65.2,81,24.4,24.9,""
"Teriyaki Lamb Leg with White Potato & Red Onion","20260702000001_seed_owner_meals.sql",apply,2,561,638,14,51,52.9,43,53.5,20.1,24,""
"BBQ Haddock Fillet with Sweet Potato & Mixed Salad Leaves","20260702000001_seed_owner_meals.sql",apply,2,445,392,-12,43.5,36.5,46.6,45.5,7.3,7.3,""
"Asian-inspired Whole Eggs with Rolled Oats & Kale","20260702000001_seed_owner_meals.sql",apply,2,515,556,8,30.7,33.8,32.6,32.9,28.6,32.6,""
"Cajun Quorn Mince with Couscous & Tenderstem Broccoli","20260702000001_seed_owner_meals.sql",apply,2,502,503,0,35.2,39,61.5,64,12.3,11,""
"Indian-spiced Cottage Cheese with Wholewheat Pasta & Peas","20260702000001_seed_owner_meals.sql",apply,2,511,620,21,30.4,37.2,64.1,85.6,16.9,15,""
"Garlic & chilli Mackerel with Wholewheat Tortilla Wrap & Carrots","20260702000001_seed_owner_meals.sql",apply,2,685,665,-3,45.2,43.9,42.4,42.2,35.6,35.6,""
"Asian-inspired Quorn Mince with Wholegrain Bread & Baby Spinach","20260702000001_seed_owner_meals.sql",apply,2,474,513,8,35.8,42.1,49.5,47.6,14.7,18.4,""
"Mexican-style Paneer with Couscous & Asparagus Tips","20260702000001_seed_owner_meals.sql",apply,2,758,816,8,41.7,47.8,52.6,57.4,42.5,43.1,""
"Asian-inspired Cooked Lentils with Wholewheat Tortilla Wrap & Tenderstem Broccoli","20260702000001_seed_owner_meals.sql",apply,2,524,538,3,27.2,27.9,78.4,73.5,11.3,16.4,""
"Mexican-style Seitan with Wholegrain Bread & Kale","20260702000001_seed_owner_meals.sql",apply,2,629,558,-11,54.4,59.5,66.8,48.7,12.4,14.1,""
"Moroccan-spiced Quorn Mince with Couscous & Baby Spinach","20260702000001_seed_owner_meals.sql",apply,2,500,492,-2,35.8,39.7,61.4,61.7,11.8,10.4,""
"BBQ Turkey Breast with Wholewheat Tortilla Wrap & Courgette","20260702000001_seed_owner_meals.sql",apply,2,559,469,-16,63.2,52.3,42.4,33.9,13.3,13.2,""
"Mexican-style Paneer with Couscous & Baby Spinach","20260702000001_seed_owner_meals.sql",apply,2,797,858,8,43,49.9,54.6,59,46,46.8,""
"Lemon herb Turkey Breast with White Potato & Peas","20260702000001_seed_owner_meals.sql",apply,2,480,501,4,58.2,54.1,43,53.9,6.6,7,""
"Peri-peri Cooked Lentils with Rolled Oats & Chestnut Mushrooms","20260702000001_seed_owner_meals.sql",apply,2,440,440,0,21.8,25.2,67.6,67.8,9.5,9.8,""
"Mexican-style Firm Tofu with White Potato & Cucumber","20260702000001_seed_owner_meals.sql",apply,2,487,484,-1,37.6,38.7,41.8,43.7,20.4,20.4,""
"Asian-inspired Lean Beef Mince (5%) with Quinoa & Mixed Peppers","20260702000001_seed_owner_meals.sql",apply,2,649,839,29,60.4,60.3,48.4,51,22.4,42.3,""
"Cajun Quorn Mince with White Potato & Peas","20260702000001_seed_owner_meals.sql",apply,2,417,468,12,31.2,37.8,52,62.2,9.3,8.2,""
"Mediterranean Lean Beef Mince (5%) with White Basmati Rice & Peas","20260702000001_seed_owner_meals.sql",apply,2,629,845,34,57,60.8,54.2,71.5,17.2,32,""
"Garlic & chilli Lean Beef Mince (5%) with Rye Bread & Carrots","20260702000001_seed_owner_meals.sql",apply,2,586,779,33,57.8,56.9,38.5,52.5,21.1,36.4,""
"Mediterranean Tuna Steak with Bulgur Wheat & Cauliflower","20260702000001_seed_owner_meals.sql",apply,2,477,441,-8,61.4,55.2,41.4,44.5,6.7,5.6,""
"Peri-peri Paneer with Butter Beans & Green Beans","20260702000001_seed_owner_meals.sql",apply,2,734,773,5,49.4,50.7,40.3,44.2,44.6,44.1,""
"Mediterranean Haddock Fillet with Rolled Oats & Cucumber","20260702000001_seed_owner_meals.sql",apply,2,407,357,-12,42.6,35.2,28,29,10.9,10.9,""
"Asian-inspired Cottage Cheese with Wholegrain Bread & Peas","20260702000001_seed_owner_meals.sql",apply,2,469,551,17,30.9,38.8,46.8,57.8,16.5,18.5,""
"BBQ Tuna Steak with White Potato & Tenderstem Broccoli","20260702000001_seed_owner_meals.sql",apply,2,387,358,-7,49.5,45.2,29.7,32,6.1,5.2,""
"Italian herb Pork Tenderloin with Brown Rice & Kale","20260702000001_seed_owner_meals.sql",apply,2,477,504,6,45.4,48.6,41.1,46.1,12.6,14.3,""
"Mediterranean Tempeh with White Basmati Rice & Chestnut Mushrooms","20260702000001_seed_owner_meals.sql",apply,2,566,582,3,34.6,39.4,57.5,60.6,23.4,23.8,""
"Mediterranean Black Beans with Soba Noodles & Cherry Tomatoes","20260702000001_seed_owner_meals.sql",apply,2,442,440,-0,23.9,25.1,73.9,75.2,7.2,7.2,""
"Lemon herb Cooked Lentils with Rolled Oats & Green Beans","20260702000001_seed_owner_meals.sql",apply,2,376,384,2,20.1,22.1,54.4,58.1,8.7,8.8,""
"Cajun Cooked Lentils with Rolled Oats & Green Beans","20260702000001_seed_owner_meals.sql",apply,2,375,387,3,19.6,21.9,54.6,58.7,8.7,9.1,""
"Lemon herb Mackerel with Sweet Potato & Cucumber","20260702000001_seed_owner_meals.sql",apply,2,526,518,-2,31.7,32.4,37.6,37.7,27,27.3,""
"Teriyaki Salmon Fillet with Rye Bread & Asparagus Tips","20260702000001_seed_owner_meals.sql",apply,2,542,654,21,45.3,42.2,30.5,50,27.5,30.7,""
"Teriyaki Tempeh with Rye Bread & Baby Spinach","20260702000001_seed_owner_meals.sql",apply,2,493,608,23,36.9,43.5,41.7,58.8,22,25.5,""
"Cajun Whole Eggs with Wholegrain Bread & Courgette","20260702000001_seed_owner_meals.sql",apply,2,477,506,6,28,32.8,33.7,40.6,25.1,24,""
"Peri-peri Cod Fillet with Sweet Potato & Asparagus Tips","20260702000001_seed_owner_meals.sql",apply,2,382,346,-9,39.9,34.7,36.4,37.4,7.2,7.3,""
"BBQ Cottage Cheese with Quinoa & Cauliflower","20260702000001_seed_owner_meals.sql",apply,2,423,402,-5,25.1,27,43.1,45.5,15.8,13.1,""
"Italian herb 0% Greek Yogurt with Soba Noodles & Carrots","20260702000001_seed_owner_meals.sql",apply,2,333,349,5,25.4,27.1,43.3,49,7.1,7,""
"Teriyaki Tuna Steak with Couscous & Green Beans","20260702000001_seed_owner_meals.sql",apply,2,460,474,3,51.7,47.4,41.1,49.3,8.3,9.2,""
"Mediterranean Lean Beef Mince (5%) with Wholewheat Pasta & Courgette","20260702000001_seed_owner_meals.sql",apply,2,534,698,31,48.5,49.1,44.5,51.7,19.2,32.1,""
"Lemon herb Tempeh with Brown Rice & Cauliflower","20260702000001_seed_owner_meals.sql",apply,2,552,571,3,34.4,38,54.5,58.6,24.3,24.8,""
"Garlic & chilli Black Beans with Wholegrain Bread & Kale","20260702000001_seed_owner_meals.sql",apply,2,433,501,16,20,27,65.5,75.2,9.9,12,""
"Garlic & chilli Lamb Leg with Rolled Oats & Cauliflower","20260702000001_seed_owner_meals.sql",apply,2,466,491,5,41.9,44.3,25.6,28.4,21.6,23.4,""
"Peri-peri Tempeh with White Basmati Rice & Mixed Salad Leaves","20260702000001_seed_owner_meals.sql",apply,2,564,572,1,35.1,38,57.6,60,23,23.2,""
"BBQ Quorn Mince with Wholewheat Tortilla Wrap & Mixed Salad Leaves","20260702000001_seed_owner_meals.sql",apply,2,411,405,-1,29,30.6,41,40.4,14.4,13.9,""
"Mediterranean Firm Tofu with Rolled Oats & Kale","20260702000001_seed_owner_meals.sql",apply,2,412,427,4,29.9,33.1,28.6,31.4,21.6,22.7,""
"Moroccan-spiced 0% Greek Yogurt with White Basmati Rice & Mixed Salad Leaves","20260702000001_seed_owner_meals.sql",apply,2,343,354,3,22.1,24,47.1,52.1,5,5.2,""
"Mexican-style Salmon Fillet with Wholegrain Bread & Chestnut Mushrooms","20260702000001_seed_owner_meals.sql",apply,2,558,612,10,46.4,46.3,32,39.5,28.1,29.4,""
"BBQ Haddock Fillet with Couscous & Asparagus Tips","20260702000001_seed_owner_meals.sql",apply,2,403,361,-10,37.2,32.4,38.5,38.4,8.2,8.2,""
"Moroccan-spiced Whole Eggs with Brown Rice & Red Onion","20260702000001_seed_owner_meals.sql",apply,2,497,515,4,25.4,26.2,42.7,53.5,24.3,22.4,""
"Moroccan-spiced Egg Whites with Rolled Oats & Kale","20260702000001_seed_owner_meals.sql",apply,2,268,283,6,22.1,25.3,28.1,30.1,6.1,7.6,""
"Teriyaki 0% Greek Yogurt with White Potato & Carrots","20260702000001_seed_owner_meals.sql",apply,2,287,345,20,20,22.2,39.9,50.7,4.5,6.7,""
"Peri-peri Haddock Fillet with Soba Noodles & Peas","20260702000001_seed_owner_meals.sql",apply,2,380,402,6,40.9,39.6,40.5,51.6,5.1,5,""
"Indian-spiced Cottage Cheese with White Potato & Carrots","20260702000001_seed_owner_meals.sql",apply,2,360,363,1,21.9,23.2,37.1,45,13.1,10.7,""
"Moroccan-spiced Pork Tenderloin with White Basmati Rice & Red Onion","20260702000001_seed_owner_meals.sql",apply,2,453,486,7,44.7,45.9,42,53.4,8.2,8.3,""
"Garlic & chilli Edamame with Wholegrain Bread & Cherry Tomatoes","20260702000001_seed_owner_meals.sql",apply,2,417,468,12,23,29.7,44.5,52,16.6,17.8,""
"Moroccan-spiced King Prawns with Brown Rice & Tenderstem Broccoli","20260702000001_seed_owner_meals.sql",apply,2,413,419,1,41.9,38.9,41.3,49.4,8.3,9.1,""
"Mediterranean Turkey Breast with Soba Noodles & Red Onion","20260702000001_seed_owner_meals.sql",apply,2,447,435,-3,53.9,47.5,37.9,44.7,8.7,8.6,""
"Indian-spiced Egg Whites with Sweet Potato & Kale","20260702000001_seed_owner_meals.sql",apply,2,294,311,6,18.9,22.2,35.1,36.3,7.5,9.4,""
"Italian herb Tuna Steak with Wholewheat Tortilla Wrap & Green Beans","20260702000001_seed_owner_meals.sql",apply,2,452,435,-4,50.3,44.7,34.6,38.7,11.4,11.1,""
"Mediterranean Egg Whites with Couscous & Red Onion","20260702000001_seed_owner_meals.sql",apply,2,329,350,6,24.2,25.5,44.6,51.3,4.3,4.5,""
"Mediterranean Pork Tenderloin with Soba Noodles & Cauliflower","20260702000001_seed_owner_meals.sql",apply,2,446,452,1,48.4,50.8,40.5,42.9,9.4,9.5,""
"Garlic & chilli Chicken Breast with Sweet Potato & Carrots","20260702000001_seed_owner_meals.sql",apply,2,472,497,5,51.9,53.2,36.4,44,11.6,11.8,""
"Mediterranean 0% Greek Yogurt with Bulgur Wheat & Peas","20260702000001_seed_owner_meals.sql",apply,2,311,372,20,22,28.1,39.8,51.8,7.4,7.9,""
"Garlic & chilli Tuna Steak with White Potato & Courgette","20260702000001_seed_owner_meals.sql",apply,2,410,376,-8,48.5,43.2,32,33.1,8.6,7.7,""
"Moroccan-spiced Cod Fillet with Wholewheat Tortilla Wrap & Red Onion","20260702000001_seed_owner_meals.sql",apply,2,420,417,-1,42.9,36,33.5,41.6,11,11.9,""
"Moroccan-spiced 0% Greek Yogurt with Wholewheat Pasta & Cherry Tomatoes","20260702000001_seed_owner_meals.sql",apply,2,358,408,14,25,27.2,54.9,63.2,6,6.8,""
"Mexican-style Cooked Lentils with Butter Beans & Cauliflower","20260702000001_seed_owner_meals.sql",apply,2,410,398,-3,26.4,25.5,62,60.8,7.8,8.1,""
"Cajun 0% Greek Yogurt with White Basmati Rice & Mixed Salad Leaves","20260702000001_seed_owner_meals.sql",apply,2,368,379,3,21.5,23.6,49.4,53.9,7.5,8,""
"Teriyaki Cottage Cheese with Butter Beans & Mixed Peppers","20260702000001_seed_owner_meals.sql",apply,2,379,382,1,29.5,28.2,37.2,42.6,13.2,12.1,""
"Garlic & chilli Pork Tenderloin with White Basmati Rice & Baby Spinach","20260702000001_seed_owner_meals.sql",apply,2,485,505,4,43.8,47.1,45.1,51,11.7,12.1,""
"Mediterranean Mackerel with Wholewheat Pasta & Mixed Salad Leaves","20260702000001_seed_owner_meals.sql",apply,2,591,641,8,38.9,41.2,47,54.1,29,30,""
"Indian-spiced Whole Eggs with Brown Rice & Red Onion","20260702000001_seed_owner_meals.sql",apply,2,474,495,4,26.4,27.4,40.3,50.4,21.8,20.3,""
"Cajun Mackerel with White Potato & Green Beans","20260702000001_seed_owner_meals.sql",apply,2,480,491,2,33.2,35.3,30,34.1,23.5,24,""
"Mediterranean Firm Tofu with Wholegrain Bread & Cauliflower","20260702000001_seed_owner_meals.sql",apply,2,460,514,12,35,41,34.9,45.8,21.6,22.2,""
"Mediterranean Chicken Breast with Sweet Potato & Asparagus Tips","20260702000001_seed_owner_meals.sql",apply,2,433,433,0,50.6,53,34.5,35.8,8.1,8.3,""
"Mexican-style Chicken Breast with Rolled Oats & Chestnut Mushrooms","20260702000001_seed_owner_meals.sql",apply,2,448,453,1,52.6,56.2,24.6,24.8,13.5,14.2,""
"Cajun Lamb Leg with Butter Beans & Carrots","20260702000001_seed_owner_meals.sql",apply,2,497,516,4,48.8,46.8,33.1,36.4,20.3,21.8,""
"Lemon herb Cod Fillet with White Potato & Mixed Salad Leaves","20260702000001_seed_owner_meals.sql",apply,2,369,329,-11,39.5,33.5,32,31.6,7.7,7.9,""
"Indian-spiced Chicken Breast with Wholegrain Bread & Peas","20260702000001_seed_owner_meals.sql",apply,2,469,582,24,56,65.7,29.7,47.8,11.5,12.9,""
"Garlic & chilli Turkey Breast with Quinoa & Cucumber","20260702000001_seed_owner_meals.sql",apply,2,323,336,4,40.4,37.2,21.4,23.7,6.5,9.7,""
"Mexican-style 0% Greek Yogurt with Rolled Oats & Peas","20260702000001_seed_owner_meals.sql",apply,2,242,305,26,16.5,22.7,21.1,32,9.7,10.5,""
"Mediterranean Salmon Fillet with Quinoa & Cucumber","20260702000001_seed_owner_meals.sql",apply,2,444,439,-1,36.1,31,27.1,28.1,21.8,22,""
"Indian-spiced 0% Greek Yogurt with Quinoa & Kale","20260702000001_seed_owner_meals.sql",apply,2,280,386,38,19.3,26.6,28.1,32.4,9.5,18.9,""
"Garlic & chilli Salmon Fillet with Rolled Oats & Chestnut Mushrooms","20260702000001_seed_owner_meals.sql",apply,2,371,417,12,34,33.7,14.2,16.1,19.9,23.4,""
"Asian-inspired Whole Eggs with Quinoa & Cherry Tomatoes","20260702000001_seed_owner_meals.sql",apply,2,387,458,18,20.1,21.7,26.6,28.5,22.2,29.6,""
"Asian-inspired Cottage Cheese with Quinoa & Courgette","20260702000001_seed_owner_meals.sql",apply,2,300,398,33,16.7,18.6,24.9,25.7,13.7,24.8,""
"Cajun 0% Greek Yogurt with Quinoa & Courgette","20260702000001_seed_owner_meals.sql",apply,2,252,310,23,19.3,24.9,25.3,25.7,7,12.5,""
"Mediterranean Cottage Cheese with Quinoa & Mixed Salad Leaves","20260702000001_seed_owner_meals.sql",apply,2,327,396,21,20.5,25.8,27.9,32.2,14.2,19.6,""
"Teriyaki Turkey Breast with Sweet Potato & Courgette","20260702000001_seed_owner_meals.sql",apply,2,347,447,29,39.1,37.7,23.2,30.7,10,20.4,""
"Mexican-style 0% Greek Yogurt with Quinoa & Cucumber","20260702000001_seed_owner_meals.sql",apply,2,283,371,31,18.5,22.9,28.3,31.9,10.1,18.7,""
"Cajun 0% Greek Yogurt with Sweet Potato & Kale","20260702000001_seed_owner_meals.sql",apply,2,256,362,41,16.3,22.8,27.5,32.1,8.7,18.5,""
"Mexican-style Cottage Cheese with Wholegrain Bread & Courgette","20260702000001_seed_owner_meals.sql",apply,2,295,396,34,19.2,27.7,28,48.2,10.9,10.9,""
"Indian-spiced Cottage Cheese with Sweet Potato & Chestnut Mushrooms","20260702000001_seed_owner_meals.sql",apply,2,291,319,10,15.5,19.4,28.6,31.7,12.7,14.8,""
"Peri-peri Salmon Fillet with Wholegrain Bread & Asparagus Tips","20260702000001_seed_owner_meals.sql",apply,2,445,652,47,36.4,42.7,20.8,44.1,24.8,34.6,""
"Teriyaki Turkey Breast with Rolled Oats & Kale","20260702000001_seed_owner_meals.sql",apply,2,331,444,34,39.9,40.4,16.9,25.9,10.4,21.4,""
"BBQ Whole Eggs with Rolled Oats & Baby Spinach","20260702000001_seed_owner_meals.sql",apply,2,357,341,-4,20.1,22.6,18.1,17.2,22.4,21,""
"BBQ Salmon Fillet with Quinoa & Chestnut Mushrooms","20260702000001_seed_owner_meals.sql",apply,2,462,550,19,36.5,36.6,24,26.4,25.2,33.6,""
"Mediterranean Egg Whites with Sweet Potato & Cucumber","20260702000001_seed_owner_meals.sql",apply,2,247,334,35,17.5,21.4,24,28.1,8.4,16.7,""
"BBQ Salmon Fillet with Sweet Potato & Cherry Tomatoes","20260702000001_seed_owner_meals.sql",apply,2,432,513,19,35,33.7,23,25.9,23.2,30.9,""
"Asian-inspired Salmon Fillet with Wholegrain Bread & Carrots","20260702000001_seed_owner_meals.sql",apply,2,442,717,62,37.2,43.5,20.6,49,24.2,38.7,""
"Italian herb 0% Greek Yogurt with Rolled Oats & Carrots","20260702000001_seed_owner_meals.sql",apply,2,192,248,29,16,19.6,18.5,24.8,4.8,8.1,""
"Indian-spiced Cottage Cheese with Rolled Oats & Red Onion","20260702000001_seed_owner_meals.sql",apply,2,289,294,2,17.7,19.2,20.8,28.1,14.4,12.5,""
"Garlic & chilli 0% Greek Yogurt with Quinoa & Carrots","20260702000001_seed_owner_meals.sql",apply,2,272,337,24,16.5,18.7,29.6,39.1,9.5,13.5,""
"BBQ Salmon Fillet with Sweet Potato & Mixed Peppers","20260702000001_seed_owner_meals.sql",apply,2,433,434,0,33.8,28.8,23.2,25.2,23.8,24.1,""
"Mexican-style Turkey Breast with Sweet Potato & Baby Spinach","20260702000001_seed_owner_meals.sql",apply,2,343,410,20,39.2,39.3,23.3,27.2,9.4,17.7,""
"Asian-inspired Cottage Cheese with Wholegrain Bread & Cherry Tomatoes","20260702000001_seed_owner_meals.sql",apply,2,311,458,47,19.2,27.8,24.8,45.6,14.4,19,""
"Garlic & chilli Salmon Fillet with Quinoa & Cauliflower","20260702000001_seed_owner_meals.sql",apply,2,460,469,2,36.1,32.4,24,26.9,25.2,25.6,""
"Cajun Egg Whites with Quinoa & Courgette","20260702000001_seed_owner_meals.sql",apply,2,244,302,24,20.5,25.7,21.8,22.2,6.7,12.2,""
"Lemon herb Whole Eggs with Sweet Potato & Courgette","20260702000001_seed_owner_meals.sql",apply,2,368,436,18,20.6,25.1,24.3,26.6,20.8,26.8,""
"Garlic & chilli Salmon Fillet with Rolled Oats & Mixed Peppers","20260702000001_seed_owner_meals.sql",apply,2,371,421,13,34,31.6,14.2,18.8,19.9,23.4,""
"Garlic & chilli 0% Greek Yogurt with Rolled Oats & Green Beans","20260702000001_seed_owner_meals.sql",apply,2,242,257,6,16.5,19.1,21.1,26.1,9.7,9.8,""
"Peri-peri Salmon Fillet with Quinoa & Tenderstem Broccoli","20260702000001_seed_owner_meals.sql",apply,2,444,453,2,36.1,32.7,27.1,30.5,21.8,22.1,""
"Lemon herb Salmon Fillet with Wholegrain Bread & Carrots","20260702000001_seed_owner_meals.sql",apply,2,414,611,48,37.2,42.8,17.8,43.5,21.7,28.4,""
"Mexican-style Turkey Breast with Wholegrain Bread & Green Beans","20260702000001_seed_owner_meals.sql",apply,2,339,446,32,40.8,43.5,23.9,47.1,7.6,9.7,""
"Mediterranean Cottage Cheese with Rye Bread & Peas","20260702000001_seed_owner_meals.sql",apply,2,402,604,50,26.8,37.5,36.4,66.7,15.9,21.8,""
"BBQ Black Beans with Couscous & Mixed Salad Leaves","20260702000001_seed_owner_meals.sql",apply,2,491,570,16,23.3,27.6,80.2,82.4,8.6,16.3,""
"Teriyaki Haddock Fillet with Wholewheat Pasta & Courgette","20260702000001_seed_owner_meals.sql",apply,2,431,549,27,41.6,36.8,44.5,55.6,9.6,20.4,""
"Mexican-style Lamb Leg with Bulgur Wheat & Courgette","20260702000001_seed_owner_meals.sql",apply,2,527,544,3,47.2,48.8,35.1,35.6,22.8,25.1,""
"Mexican-style 0% Greek Yogurt with Rolled Oats & Baby Spinach","20260702000001_seed_owner_meals.sql",apply,2,288,364,26,19.6,23.5,27.8,28.2,9.7,18.6,""
"Asian-inspired Turkey Breast with Wholewheat Pasta & Kale","20260702000001_seed_owner_meals.sql",apply,2,500,581,16,56.9,52.8,50.8,58.7,8.7,16,""
"Mexican-style Tuna Steak with Rye Bread & Cauliflower","20260702000001_seed_owner_meals.sql",apply,2,430,547,27,51.8,48.1,28,44.3,10.6,19.2,""
"Moroccan-spiced Turkey Breast with Couscous & Mixed Peppers","20260702000001_seed_owner_meals.sql",apply,2,469,502,7,55.9,52.2,38.7,42.7,7.7,12.9,""
"BBQ Turkey Breast with Sweet Potato & Mixed Salad Leaves","20260702000001_seed_owner_meals.sql",apply,2,459,418,-9,51.4,44.3,37.2,36.2,10.6,10.9,""
"Mexican-style Tempeh with Soba Noodles & Kale","20260702000001_seed_owner_meals.sql",apply,2,568,672,18,40.9,49.2,53.2,55.5,25.6,34.7,""
"BBQ Paneer with Sweet Potato & Courgette","20260702000001_seed_owner_meals.sql",apply,2,640,752,18,31.2,35.6,35.9,38.5,42.4,50.7,""
"Teriyaki Haddock Fillet with White Basmati Rice & Chestnut Mushrooms","20260702000001_seed_owner_meals.sql",apply,2,405,457,13,39.8,38.2,42.1,51.7,4.6,9.9,""
"Mediterranean Paneer with Wholegrain Bread & Cherry Tomatoes","20260702000001_seed_owner_meals.sql",apply,2,686,871,27,39,51,34.4,49.5,44.8,53.2,""
"Mediterranean Tuna Steak with Brown Rice & Mixed Peppers","20260702000001_seed_owner_meals.sql",apply,2,495,572,16,53.3,50.3,41.7,52.7,11.5,18.9,""
"Moroccan-spiced Pork Tenderloin with Soba Noodles & Kale","20260702000001_seed_owner_meals.sql",apply,2,491,594,21,52.7,59.7,38.5,43.5,13.6,22.3,""
"Moroccan-spiced Lamb Leg with White Potato & Peas","20260702000001_seed_owner_meals.sql",apply,2,517,683,32,46.8,56,32.5,47.1,22.1,31.6,""
"BBQ Edamame with Butter Beans & Baby Spinach","20260702000001_seed_owner_meals.sql",apply,2,446,424,-5,30.7,32,48.7,43.3,16.9,17.1,""
"Cajun Cooked Lentils with Couscous & Peas","20260702000001_seed_owner_meals.sql",apply,2,440,573,30,20.1,25.8,70.5,81.6,7.9,16.6,""
"Garlic & chilli Seitan with Rye Bread & Red Onion","20260702000001_seed_owner_meals.sql",apply,2,549,658,20,49.2,55.8,53.4,62.1,12.2,20.8,""
"Peri-peri Haddock Fillet with White Potato & Mixed Salad Leaves","20260702000001_seed_owner_meals.sql",apply,2,379,374,-1,37.6,32.1,34,35.9,8.6,12.4,""
"Moroccan-spiced Tuna Steak with Brown Rice & Baby Spinach","20260702000001_seed_owner_meals.sql",apply,2,465,507,9,54.1,53.6,38.7,44.6,8.4,12.6,""
"Mexican-style Seitan with Couscous & Mixed Salad Leaves","20260702000001_seed_owner_meals.sql",apply,2,584,592,1,48.9,53.8,64.2,51.3,11,19,""
"Asian-inspired Whole Eggs with Soba Noodles & Chestnut Mushrooms","20260702000001_seed_owner_meals.sql",apply,2,508,625,23,31.3,37.9,40.6,43.1,25.6,35.9,""
"Peri-peri Pork Tenderloin with Rolled Oats & Cherry Tomatoes","20260702000001_seed_owner_meals.sql",apply,2,422,489,16,45.2,46.3,22,23,14.7,22.9,""
"Peri-peri Cod Fillet with Rye Bread & Mixed Salad Leaves","20260702000001_seed_owner_meals.sql",apply,2,387,491,27,42.2,37.1,28,42.4,9.6,19,""
"Italian herb Firm Tofu with Sweet Potato & Mixed Peppers","20260702000001_seed_owner_meals.sql",apply,2,473,562,19,33.3,38.2,40.2,46.6,22.1,29.4,""
"Garlic & chilli Egg Whites with Bulgur Wheat & Peas","20260702000001_seed_owner_meals.sql",apply,2,324,480,48,25.3,34,36.2,51.9,8.7,17.3,""
"Mexican-style Cooked Lentils with White Potato & Red Onion","20260702000001_seed_owner_meals.sql",apply,2,366,428,17,19.5,23.1,62.1,68.9,3.9,7.6,""
"Indian-spiced Cooked Lentils with Wholegrain Bread & Cauliflower","20260702000001_seed_owner_meals.sql",apply,2,447,592,32,24.6,34.6,64.5,76.7,10.2,19.1,""
"Indian-spiced Edamame with Sweet Potato & Mixed Salad Leaves","20260702000001_seed_owner_meals.sql",apply,2,437,436,-0,22.6,25.9,53.2,51.2,16.3,17.2,""
"Garlic & chilli Whole Eggs with Wholegrain Bread & Carrots","20260702000001_seed_owner_meals.sql",apply,2,510,653,28,31,39.3,34.3,51.5,27.2,33.2,""
"Indian-spiced Cooked Chickpeas with Rye Bread & Mixed Peppers","20260702000001_seed_owner_meals.sql",apply,2,506,677,34,23,28.7,74.5,95.1,13.2,22.5,""
"Mediterranean Haddock Fillet with Rolled Oats & Tenderstem Broccoli","20260702000001_seed_owner_meals.sql",apply,2,352,394,12,37.2,32.6,22,25.7,10.1,18.3,""
"Cajun Seitan with Soba Noodles & Green Beans","20260702000001_seed_owner_meals.sql",apply,2,567,500,-12,49.9,52.3,61.1,49.1,11.8,11.7,""
"Indian-spiced Tempeh with Brown Rice & Chestnut Mushrooms","20260702000001_seed_owner_meals.sql",apply,2,580,641,11,35.3,41,57.4,61.7,26.5,31.1,""
"Garlic & chilli Whole Eggs with Wholewheat Tortilla Wrap & Tenderstem Broccoli","20260702000001_seed_owner_meals.sql",apply,2,518,565,9,27.8,30,37.3,44,28.6,31,""
"Asian-inspired 0% Greek Yogurt with Rye Bread & Cucumber","20260702000001_seed_owner_meals.sql",apply,2,338,542,60,24.5,31,37.1,55,9.6,23.6,""
"Mexican-style Cottage Cheese with Quinoa & Red Onion","20260702000001_seed_owner_meals.sql",apply,2,435,435,0,26.8,28.2,47.2,54.9,14.4,11.7,""
"Asian-inspired 0% Greek Yogurt with Butter Beans & Cucumber","20260702000001_seed_owner_meals.sql",apply,2,344,454,32,29.7,31.5,38.6,38.9,8.9,21.2,""
"Italian herb Seitan with Bulgur Wheat & Chestnut Mushrooms","20260702000001_seed_owner_meals.sql",apply,2,493,452,-8,46.8,52,54.9,39.5,6.7,10,""
"Cajun Lean Beef Mince (5%) with Quinoa & Tenderstem Broccoli","20260702000001_seed_owner_meals.sql",apply,2,544,737,35,53.6,58.6,35.7,39.3,19,37.3,""
"Lemon herb Tempeh with Butter Beans & Cauliflower","20260702000001_seed_owner_meals.sql",apply,2,550,573,4,41.9,42.8,48.4,46.6,25.9,29.5,""
"Indian-spiced Whole Eggs with Rye Bread & Tenderstem Broccoli","20260702000001_seed_owner_meals.sql",apply,2,478,547,14,28.8,32.5,36.1,53,23.8,23.2,""
"Teriyaki Lamb Leg with White Basmati Rice & Kale","20260702000001_seed_owner_meals.sql",apply,2,575,698,21,45.1,49.2,46,58,22.4,31.2,""
"Moroccan-spiced Firm Tofu with Wholegrain Bread & Chestnut Mushrooms","20260702000001_seed_owner_meals.sql",apply,2,466,588,26,33.7,40.8,32.7,42.2,23.5,32,""
"Italian herb Cooked Chickpeas with Soba Noodles & Asparagus Tips","20260702000001_seed_owner_meals.sql",apply,2,578,614,6,26,29,94.9,96.8,12.7,16.2,""
"Italian herb 0% Greek Yogurt with Bulgur Wheat & Mixed Peppers","20260702000001_seed_owner_meals.sql",apply,2,341,403,18,27.3,32.7,44.2,47.2,6,11.3,""
"Asian-inspired Cottage Cheese with Couscous & Mixed Peppers","20260702000001_seed_owner_meals.sql",apply,2,476,504,6,29.2,30.9,57.8,62,12.8,14.7,""
"Mexican-style Pork Tenderloin with Wholegrain Bread & Cauliflower","20260702000001_seed_owner_meals.sql",apply,2,547,661,21,57.7,65.8,37.9,45.3,16.3,24.8,""
"Peri-peri Mackerel with Butter Beans & Kale","20260702000001_seed_owner_meals.sql",apply,2,621,682,10,46.8,46,34.6,32.3,32.9,42.1,""
"Italian herb Tuna Steak with Quinoa & Red Onion","20260702000001_seed_owner_meals.sql",apply,2,539,573,6,63.9,60.5,42,47.6,10.7,14.3,""
"Cajun Quorn Mince with White Potato & Cucumber","20260702000001_seed_owner_meals.sql",apply,2,430,502,17,32,37,46.9,50,13.1,19.1,""
"Mexican-style Cottage Cheese with Wholewheat Pasta & Tenderstem Broccoli","20260702000001_seed_owner_meals.sql",apply,2,513,652,27,33.1,40.7,61.7,77.6,17.2,22.6,""
"Indian-spiced Mackerel with Soba Noodles & Courgette","20260702000001_seed_owner_meals.sql",apply,2,659,745,13,46.2,51.2,45.1,48.4,33.1,41.1,""
"Teriyaki Mackerel with Rye Bread & Kale","20260702000001_seed_owner_meals.sql",apply,2,639,827,29,43.8,51,36.1,54.6,34.3,46.3,""
"Garlic & chilli Paneer with Brown Rice & Red Onion","20260702000001_seed_owner_meals.sql",apply,2,743,882,19,39.2,46.5,48.2,65.4,44.4,47.8,""
"Indian-spiced Black Beans with Wholewheat Pasta & Cauliflower","20260702000001_seed_owner_meals.sql",apply,2,575,646,12,28.3,31.3,99,108.9,11,12.4,""
"Indian-spiced Quorn Mince with Couscous & Mixed Peppers","20260702000001_seed_owner_meals.sql",apply,2,487,524,8,33,35.8,58.9,62.8,13.3,16,""
"Moroccan-spiced Haddock Fillet with Rolled Oats & Chestnut Mushrooms","20260702000001_seed_owner_meals.sql",apply,2,420,377,-10,44.7,39.6,28.8,29.7,11.7,11.8,""
"Italian herb Salmon Fillet with Rye Bread & Baby Spinach","20260702000001_seed_owner_meals.sql",apply,2,645,779,21,54.6,52.1,36.1,48.7,32.7,41.5,""
"Moroccan-spiced Pork Tenderloin with Rye Bread & Kale","20260702000001_seed_owner_meals.sql",apply,2,514,577,12,55.8,59.1,39.1,50.7,12.8,15.1,""
"Mediterranean Salmon Fillet with Bulgur Wheat & Kale","20260702000001_seed_owner_meals.sql",apply,2,622,637,2,53.1,47.2,43.8,46.3,28.4,30,""
"Asian-inspired Edamame with White Potato & Green Beans","20260702000001_seed_owner_meals.sql",apply,2,421,519,23,25.5,31.9,53.2,55.5,12.3,21.1,""
"Indian-spiced Cooked Chickpeas with White Potato & Baby Spinach","20260702000001_seed_owner_meals.sql",apply,2,519,585,13,23.6,30.4,83.4,84.1,9.8,15.6,""
"Mexican-style Egg Whites with White Potato & Peas","20260702000001_seed_owner_meals.sql",apply,2,330,394,19,26,31.7,42.2,53,5.2,6,""
"Moroccan-spiced Turkey Breast with Wholegrain Bread & Cherry Tomatoes","20260702000001_seed_owner_meals.sql",apply,2,508,558,10,59.9,54,34.6,38.5,12.2,20.6,""
"Peri-peri Egg Whites with Wholegrain Bread & Mixed Salad Leaves","20260702000001_seed_owner_meals.sql",apply,2,384,485,26,30.7,38,39.2,44.7,10.4,18.3,""
"Mexican-style Egg Whites with Rolled Oats & Kale","20260702000001_seed_owner_meals.sql",apply,2,336,353,5,26.7,30.1,30,31.3,11,12.9,""
"Lemon herb 0% Greek Yogurt with Soba Noodles & Carrots","20260702000001_seed_owner_meals.sql",apply,2,396,501,27,30,35,51.6,61.2,8.8,16.1,""
"Mediterranean Mackerel with Soba Noodles & Carrots","20260702000001_seed_owner_meals.sql",apply,2,612,673,10,45.1,48.7,42.4,50,28.7,32,""
"Asian-inspired Whole Eggs with Butter Beans & Cherry Tomatoes","20260702000001_seed_owner_meals.sql",apply,2,509,549,8,38.1,37.3,37.2,33.8,23.8,29.2,""
"Asian-inspired Black Beans with Brown Rice & Carrots","20260702000001_seed_owner_meals.sql",apply,2,552,728,32,24.6,30,91.6,106.2,10,23.1,""
"Italian herb Tempeh with Rye Bread & Courgette","20260702000001_seed_owner_meals.sql",apply,2,609,690,13,41.7,45.6,53.5,61.6,29.1,34,""
"Cajun Turkey Breast with Soba Noodles & Red Onion","20260702000001_seed_owner_meals.sql",apply,2,537,611,14,64,59.2,44.9,54.7,11.3,19.4,""
"Garlic & chilli Pork Tenderloin with White Basmati Rice & Chestnut Mushrooms","20260702000001_seed_owner_meals.sql",apply,2,591,704,19,54.7,61.1,52.2,62,14.9,23.4,""
"Indian-spiced Mackerel with Bulgur Wheat & Red Onion","20260702000001_seed_owner_meals.sql",apply,2,604,687,14,43.5,48.7,37.7,44.8,30.3,36,""
"Peri-peri Seitan with Soba Noodles & Tenderstem Broccoli","20260702000001_seed_owner_meals.sql",apply,2,625,586,-6,54.8,58.4,71.5,58.8,11.6,15.2,""
"Mediterranean Seitan with Brown Rice & Green Beans","20260702000001_seed_owner_meals.sql",apply,2,657,688,5,53.4,59.3,73.6,68.4,12.7,20.4,""
"BBQ King Prawns with Rye Bread & Courgette","20260702000001_seed_owner_meals.sql",apply,2,451,466,3,52.2,46.7,36.3,44.7,10.4,11.9,""
"BBQ Cooked Lentils with Butter Beans & Kale","20260702000001_seed_owner_meals.sql",apply,2,439,465,6,30.9,32.1,71.2,68.5,4.8,8.9,""
"Italian herb Seitan with Bulgur Wheat & Kale","20260702000001_seed_owner_meals.sql",apply,2,605,615,2,54.3,61.1,65.7,51.9,11.5,20.3,""
"BBQ Black Beans with Soba Noodles & Peas","20260702000001_seed_owner_meals.sql",apply,2,503,629,25,25,30.6,85,95,8.4,16.5,""
"Mediterranean Salmon Fillet with Wholegrain Bread & Kale","20260702000001_seed_owner_meals.sql",apply,2,658,732,11,53.7,51,39.1,45,33.4,39,""
"Lemon herb Pork Tenderloin with Butter Beans & Red Onion","20260702000001_seed_owner_meals.sql",apply,2,528,562,6,60.4,58.3,39.1,43.2,14.7,18,""
"Italian herb Lamb Leg with Wholegrain Bread & Tenderstem Broccoli","20260702000001_seed_owner_meals.sql",apply,2,607,693,14,53.7,59.6,39.1,45.6,26.2,32.3,""
"Garlic & chilli Edamame with Wholewheat Pasta & Baby Spinach","20260702000001_seed_owner_meals.sql",apply,2,526,657,25,33.1,42.8,70.8,78.7,15.9,22.4,""
"Teriyaki Cooked Chickpeas with Rolled Oats & Asparagus Tips","20260702000001_seed_owner_meals.sql",apply,2,537,574,7,23.1,26.1,77.4,82.5,15.3,17.4,""
"Asian-inspired Mackerel with White Potato & Courgette","20260702000001_seed_owner_meals.sql",apply,2,613,697,14,38.8,41.2,39.1,40.7,32.7,42.1,""
"Mediterranean Lean Beef Mince (5%) with White Basmati Rice & Cucumber","20260702000001_seed_owner_meals.sql",apply,2,629,777,24,56,55.1,55.3,61.7,17.8,32.4,""
"Peri-peri King Prawns with Quinoa & Cucumber","20260702000001_seed_owner_meals.sql",apply,2,510,569,12,54.1,50.9,45.3,48.8,12.1,20.6,""
"Peri-peri Haddock Fillet with Rye Bread & Asparagus Tips","20260702000001_seed_owner_meals.sql",apply,2,442,483,9,45.3,39.9,37.3,49.8,10.4,14.9,""
"Indian-spiced Firm Tofu with Wholewheat Tortilla Wrap & Cauliflower","20260702000001_seed_owner_meals.sql",apply,2,569,641,13,41,44.6,43.3,45.7,27.8,35.6,""
"Peri-peri Haddock Fillet with Butter Beans & Green Beans","20260702000001_seed_owner_meals.sql",apply,2,431,442,3,50.4,40,34.6,34.9,9,16.4,""
"BBQ Mackerel with Couscous & Cherry Tomatoes","20260702000001_seed_owner_meals.sql",apply,2,657,721,10,41,41.9,45.4,45.3,32.4,40.8,""
"Garlic & chilli Paneer with Quinoa & Cherry Tomatoes","20260702000001_seed_owner_meals.sql",apply,2,806,952,18,44.1,52.7,47,55.8,50.5,58.3,""
"Teriyaki Cooked Chickpeas with Sweet Potato & Peas","20260702000001_seed_owner_meals.sql",apply,2,535,694,30,22.8,32.6,88.8,104.2,9.8,17.2,""
"Mediterranean Seitan with Bulgur Wheat & Cherry Tomatoes","20260702000001_seed_owner_meals.sql",apply,2,606,516,-15,53.1,54.2,65.8,49.8,12.1,12.2,""
"Moroccan-spiced Quorn Mince with Wholegrain Bread & Baby Spinach","20260702000001_seed_owner_meals.sql",apply,2,474,577,22,35.9,45.5,46.8,52.4,16,22.9,""
"Lemon herb Turkey Breast with Wholegrain Bread & Cucumber","20260702000001_seed_owner_meals.sql",apply,2,519,493,-5,62.5,56.4,40.9,43.6,9.9,10.2,""
"BBQ Edamame with White Potato & Green Beans","20260702000001_seed_owner_meals.sql",apply,2,472,570,21,26.4,33,55.8,59.9,17.3,25.8,""
"Cajun Haddock Fillet with Bulgur Wheat & Carrots","20260702000001_seed_owner_meals.sql",apply,2,265,353,33,25.9,25.3,18.3,28.4,8.8,17.3,""
"Italian herb Firm Tofu with Bulgur Wheat & Kale","20260702000001_seed_owner_meals.sql",apply,2,306,403,32,22,28.2,20.5,25.3,16.6,25.3,""
"Moroccan-spiced Cottage Cheese with Wholegrain Bread & Kale","20260702000001_seed_owner_meals.sql",apply,2,262,392,50,14.6,23.3,22.1,41.3,12.6,17.1,""
"Cajun Chicken Breast with Sweet Potato & Baby Spinach","20260702000001_seed_owner_meals.sql",apply,2,330,422,28,35.7,42.6,19,22.7,11.2,19.3,""
"Cajun Pork Tenderloin with Quinoa & Mixed Peppers","20260702000001_seed_owner_meals.sql",apply,2,331,429,30,31.6,35.9,19.8,26,12.7,21.4,""
"Mexican-style Haddock Fillet with Soba Noodles & Mixed Salad Leaves","20260702000001_seed_owner_meals.sql",apply,2,244,279,14,27.7,28.6,16.8,16.8,5.7,11.1,""
"Cajun Mackerel with Wholewheat Pasta & Cherry Tomatoes","20260702000001_seed_owner_meals.sql",apply,2,391,498,27,25.3,30,23.5,30.5,22.1,30.4,""
"Lemon herb Chicken Breast with White Potato & Mixed Peppers","20260702000001_seed_owner_meals.sql",apply,2,297,360,21,36,40.7,14.4,17.3,8.6,13.9,""
"Indian-spiced Cooked Lentils with Bulgur Wheat & Chestnut Mushrooms","20260702000001_seed_owner_meals.sql",apply,2,253,328,30,10.9,14.3,35.2,35.6,7.5,16.3,""
"Peri-peri Lamb Leg with Rolled Oats & Cauliflower","20260702000001_seed_owner_meals.sql",apply,2,309,394,28,26.4,28.5,11.2,13.3,16.8,26.2,""
"Mediterranean Tuna Steak with Wholewheat Pasta & Kale","20260702000001_seed_owner_meals.sql",apply,2,271,324,20,34.3,35.2,20.8,25.9,5.1,9.3,""
"Lemon herb Haddock Fillet with Bulgur Wheat & Baby Spinach","20260702000001_seed_owner_meals.sql",apply,2,265,331,25,25.9,27.1,18.3,22,8.8,17.2,""
"Lemon herb Cooked Chickpeas with Rolled Oats & Cucumber","20260702000001_seed_owner_meals.sql",apply,2,271,303,12,12.5,15.3,38.8,39.7,6.6,9.9,""
"BBQ Egg Whites with Wholewheat Pasta & Tenderstem Broccoli","20260702000001_seed_owner_meals.sql",apply,2,191,258,35,16.3,21.3,21.5,27.1,4,7.7,""
"Lemon herb Cottage Cheese with Bulgur Wheat & Carrots","20260702000001_seed_owner_meals.sql",apply,2,212,256,21,15,18,19.2,27.2,7.6,8.9,""
"Mexican-style Egg Whites with Couscous & Baby Spinach","20260702000001_seed_owner_meals.sql",apply,2,231,323,40,16.4,22.8,21.8,25.6,7.8,16.2,""
"Peri-peri Whole Eggs with White Potato & Cauliflower","20260702000001_seed_owner_meals.sql",apply,2,287,338,18,18,23.3,15.5,17.4,16,19.8,""
"Lemon herb Edamame with Soba Noodles & Tenderstem Broccoli","20260702000001_seed_owner_meals.sql",apply,2,278,287,3,16.5,20.3,32.9,34.8,9.8,10.2,""
"Moroccan-spiced Seitan with White Potato & Baby Spinach","20260702000001_seed_owner_meals.sql",apply,2,350,304,-13,28.8,31.7,31.4,22.6,10.2,10.5,""
"Mediterranean Salmon Fillet with White Basmati Rice & Asparagus Tips","20260702000001_seed_owner_meals.sql",apply,2,394,488,24,30.4,31.5,22,28.1,20.7,28.4,""
"BBQ Quorn Mince with Wholegrain Bread & Courgette","20260702000001_seed_owner_meals.sql",apply,2,246,392,59,16.6,23.5,19.2,32.2,10.8,19.3,""
"Indian-spiced 0% Greek Yogurt with Brown Rice & Baby Spinach","20260702000001_seed_owner_meals.sql",apply,2,231,283,23,12.6,16.7,25.9,30.1,8.4,13.1,""
"Mexican-style Haddock Fillet with Rye Bread & Tenderstem Broccoli","20260702000001_seed_owner_meals.sql",apply,2,239,401,68,23.2,24.4,13.6,36,8.2,18.2,""
"Mexican-style Chicken Breast with White Potato & Chestnut Mushrooms","20260702000001_seed_owner_meals.sql",apply,2,298,373,25,32.2,35.7,14.2,14.4,10.7,19.4,""
"Peri-peri Lamb Leg with Butter Beans & Cucumber","20260702000001_seed_owner_meals.sql",apply,2,351,439,25,32.2,34.7,17.4,19.9,17.4,26.4,""
"Italian herb Cod Fillet with Rolled Oats & Chestnut Mushrooms","20260702000001_seed_owner_meals.sql",apply,2,212,226,7,26.5,26.9,11.8,11.8,4.7,8.2,""
"Cajun Turkey Breast with Bulgur Wheat & Peas","20260702000001_seed_owner_meals.sql",apply,2,272,383,41,30.9,31.2,15.2,26.6,8.6,17.3,""
"Mexican-style Salmon Fillet with White Potato & Cauliflower","20260702000001_seed_owner_meals.sql",apply,2,368,376,2,28.8,26,17.4,19.2,21.2,21.9,""
"Italian herb 0% Greek Yogurt with White Basmati Rice & Cucumber","20260702000001_seed_owner_meals.sql",apply,2,243,326,34,14.8,19,25.9,30.7,8.1,15.7,""
"Lemon herb Chicken Breast with Couscous & Cauliflower","20260702000001_seed_owner_meals.sql",apply,2,330,332,1,35.8,37.8,24.1,25.8,8.4,8.7,""
"Protein Oats with Banana & Berries","20260705120000_seed_owner_lean_dense_pack.sql",apply,0,524,448,-15,35,41.4,78,53.6,8,10.4,""
"Egg-White & Turkey Breakfast Wrap","20260705120000_seed_owner_lean_dense_pack.sql",apply,1,457,298,-35,42,42.8,52,19.5,9,4.7,""
"Chicken & Rice Breakfast Bowl","20260705120000_seed_owner_lean_dense_pack.sql",apply,1,540,552,2,45,51.6,72,59.2,8,9.9,""
"Smoked Haddock & Poached Egg-White on Toast","20260705120000_seed_owner_lean_dense_pack.sql",apply,2,433,309,-29,40,40.8,48,28.8,9,3.2,""
"Berry Protein Smoothie Bowl","20260705120000_seed_owner_lean_dense_pack.sql",apply,1,483,500,4,35,46.3,70,59.6,7,10.3,""
"Tofu Scramble & Beans on Toast","20260705120000_seed_owner_lean_dense_pack.sql",apply,1,450,559,24,32,43.8,58,61.9,10,16,""
"Banana Protein Pancakes","20260705120000_seed_owner_lean_dense_pack.sql",apply,3,497,484,-3,38,35.9,66,73.2,9,6.7,""
"Overnight Oats, Apple & Cinnamon","20260705120000_seed_owner_lean_dense_pack.sql",apply,2,492,371,-25,30,34.6,75,49.3,8,7.2,""
"Prawn & Egg-White Rice Congee","20260705120000_seed_owner_lean_dense_pack.sql",apply,3,462,378,-18,40,32.7,62,56.5,6,1.4,""
"Turkey & Potato Breakfast Hash","20260705120000_seed_owner_lean_dense_pack.sql",apply,3,458,391,-15,42,43.8,50,40.2,10,6,""
"Mango & Pea-Protein Smoothie + Bagel","20260705120000_seed_owner_lean_dense_pack.sql",apply,1,519,356,-31,34,40.5,80,44.8,7,3.4,""
"Chicken, Rice & Roasted Veg Bowl","20260705120000_seed_owner_lean_dense_pack.sql",apply,1,585,536,-8,48,53.8,78,61.6,9,6.5,""
"Tuna & Sweet Potato Poke","20260705120000_seed_owner_lean_dense_pack.sql",apply,3,532,465,-13,45,51.2,70,53.8,8,5.2,""
"Turkey Meatball Pasta","20260705120000_seed_owner_lean_dense_pack.sql",apply,2,602,650,8,46,57.3,82,84.6,10,8.8,""
"Prawn Noodle Stir-Fry","20260705120000_seed_owner_lean_dense_pack.sql",apply,3,544,287,-47,42,34.1,76,34.1,8,1.5,""
"Lentil & Rice Dahl","20260705120000_seed_owner_lean_dense_pack.sql",apply,3,533,376,-29,28,17.5,85,73.7,9,1.7,""
"Chickpea & Quinoa Power Salad","20260705120000_seed_owner_lean_dense_pack.sql",apply,3,514,403,-22,26,19.3,80,69,10,6.3,""
"Grilled Chicken & Couscous Tabbouleh","20260705120000_seed_owner_lean_dense_pack.sql",apply,3,557,350,-37,47,50.2,72,21.7,9,5.7,""
"White Fish & Potato Traybake","20260705120000_seed_owner_lean_dense_pack.sql",apply,2,520,345,-34,44,35,68,47.6,8,1.5,""
"Teriyaki Tofu & Rice Bowl","20260705120000_seed_owner_lean_dense_pack.sql",apply,3,562,584,4,30,40.5,88,68.7,10,19.1,""
"Turkey & Black Bean Burrito Bowl","20260705120000_seed_owner_lean_dense_pack.sql",apply,2,594,635,7,46,58.9,80,81.3,10,8.1,""
"Edamame & Brown Rice Buddha Bowl","20260705120000_seed_owner_lean_dense_pack.sql",apply,3,530,503,-5,28,24.3,82,73.7,10,14.3,""
"Grilled Chicken, Mash & Greens","20260705120000_seed_owner_lean_dense_pack.sql",apply,1,541,587,9,50,58.6,65,57.5,9,13.2,""
"Cod, New Potatoes & Peas","20260705120000_seed_owner_lean_dense_pack.sql",apply,1,504,440,-13,46,44,62,60.2,8,2,""
"Turkey Bolognese with Spaghetti","20260705120000_seed_owner_lean_dense_pack.sql",apply,2,622,703,13,48,59.9,85,93.3,10,9.3,""
"King Prawn & Vegetable Paella","20260705120000_seed_owner_lean_dense_pack.sql",apply,3,577,318,-45,44,37.3,80,38.4,9,1.6,""
"Chicken Tikka & Basmati Rice","20260705120000_seed_owner_lean_dense_pack.sql",apply,3,602,581,-3,50,56.5,78,63.8,10,8.5,""
"Tofu & Vegetable Pad Thai","20260705120000_seed_owner_lean_dense_pack.sql",apply,3,578,423,-27,30,35,92,40.5,10,16.1,""
"Lean Beef & Broccoli with Rice","20260705120000_seed_owner_lean_dense_pack.sql",apply,2,578,546,-6,50,45.2,72,71.2,10,9,""
"Seitan Steak, Sweet Potato & Kale","20260705120000_seed_owner_lean_dense_pack.sql",apply,1,541,489,-10,45,45.4,70,63.3,9,5.9,""
"Chicken & Chickpea Curry with Rice","20260705120000_seed_owner_lean_dense_pack.sql",apply,2,602,729,21,46,62.1,82,95.4,10,9.6,""
"Grilled Prawn & Quinoa Primavera","20260705120000_seed_owner_lean_dense_pack.sql",apply,2,545,333,-39,42,38,74,36.4,9,4,""
"Turkey Steak, Rice & Ratatouille","20260705120000_seed_owner_lean_dense_pack.sql",apply,2,552,443,-20,50,46.1,70,53.8,8,3.4,""
"Rice Cakes, Jam & Protein Shake","20260705120000_seed_owner_lean_dense_pack.sql",apply,1,385,242,-37,30,28.1,55,29.9,5,1,""
"Banana Protein Flapjack","20260705120000_seed_owner_lean_dense_pack.sql",apply,1,410,311,-24,20,23,60,53.7,10,2.6,""
"Mango Sorbet & Dairy-Free Protein Yogurt","20260705120000_seed_owner_lean_dense_pack.sql",apply,1,402,417,4,25,24.4,62,55.3,6,12.1,""
"Bagel with Syrup & Whey","20260705120000_seed_owner_lean_dense_pack.sql",apply,1,435,222,-49,28,23.3,65,27.9,7,2,""
"Rice Pudding with Berries","20260705120000_seed_owner_lean_dense_pack.sql",apply,1,440,361,-18,22,19.3,70,66.9,8,1.1,""
"Pretzels, Hummus & Protein Shake","20260705120000_seed_owner_lean_dense_pack.sql",apply,0,434,402,-7,26,36.1,60,49.3,10,7.7,""
"Dried Fruit & Rice Cake Energy Plate","20260705120000_seed_owner_lean_dense_pack.sql",apply,1,434,230,-47,20,16.2,75,41.9,6,1,""
"Tuna & Cracker Protein Box","20260705120000_seed_owner_lean_dense_pack.sql",apply,3,400,381,-5,32,63,50,20.9,8,5.1,""
"Oat & Berry Protein Smoothie","20260705120000_seed_owner_lean_dense_pack.sql",apply,0,415,209,-50,30,28.4,58,21,7,1.3,""
"Sushi-Style Rice & Edamame","20260705120000_seed_owner_lean_dense_pack.sql",apply,2,419,334,-20,24,14.6,65,57.7,7,4.7,""
"Jacket Potato & Baked Beans","20260705120000_seed_owner_lean_dense_pack.sql",apply,3,445,263,-41,22,11.7,78,48.9,5,0.9,""
"Double Soya Protein Oats","20260705130000_seed_owner_lean_protein_plant_pack.sql",apply,0,512,520,2,45,67.2,65,45.7,8,10.6,""
"Egg-White & Soya Mince Scramble on Toast","20260705130000_seed_owner_lean_protein_plant_pack.sql",apply,2,424,340,-20,48,43.7,40,31.6,8,3.2,""
"Pea-Protein Berry Smoothie XL","20260705130000_seed_owner_lean_protein_plant_pack.sql",apply,0,463,426,-8,42,51.2,58,50.2,7,4.2,""
"Soya Yogurt, Protein & Granola Bowl","20260705130000_seed_owner_lean_protein_plant_pack.sql",apply,0,481,490,2,40,44.2,60,49.6,9,11.7,""
"High-Protein Chickpea (Besan) Pancakes","20260705130000_seed_owner_lean_protein_plant_pack.sql",apply,3,441,567,29,40,55.7,50,66.2,9,8.9,""
"Egg-White Omelette & Baked Beans","20260705130000_seed_owner_lean_protein_plant_pack.sql",apply,3,415,332,-20,42,39.1,46,35.9,7,1.5,""
"Seitan Gyro Rice Bowl","20260705130000_seed_owner_lean_protein_plant_pack.sql",apply,2,561,525,-6,50,48.7,70,68.5,9,3.9,""
"Soya Mince Chilli & Rice","20260705130000_seed_owner_lean_protein_plant_pack.sql",apply,2,552,713,29,48,55.8,72,119.1,8,2.5,""
"High-Protein Lentil & Quinoa Bowl","20260705130000_seed_owner_lean_protein_plant_pack.sql",apply,3,553,430,-22,40,22.5,78,72.2,9,6.5,""
"Tempeh & Edamame Rice Bowl","20260705130000_seed_owner_lean_protein_plant_pack.sql",apply,2,554,622,12,44,40.9,72,74,10,20.5,""
"Quorn & Sweet Potato Traybake","20260705130000_seed_owner_lean_protein_plant_pack.sql",apply,2,524,416,-21,45,31.3,68,60.8,8,5.9,""
"TVP Bolognese Pasta","20260705130000_seed_owner_lean_protein_plant_pack.sql",apply,2,576,679,18,46,52.5,80,112.7,8,2.7,""
"Falafel-Spiced Chickpea & Couscous","20260705130000_seed_owner_lean_protein_plant_pack.sql",apply,3,554,527,-5,40,31,76,82.7,10,9.6,""
"Edamame, Tofu & Soba Salad","20260705130000_seed_owner_lean_protein_plant_pack.sql",apply,2,546,453,-17,42,37.7,72,38.2,10,20.2,""
"Seitan Steak, Mash & Greens","20260705130000_seed_owner_lean_protein_plant_pack.sql",apply,2,529,559,6,50,53.1,62,56.8,9,12.2,""
"Soya Mince Shepherd's Pie","20260705130000_seed_owner_lean_protein_plant_pack.sql",apply,2,545,536,-2,46,43.2,70,75.9,9,8.1,""
"High-Protein Tofu & Chickpea Tikka with Rice","20260705130000_seed_owner_lean_protein_plant_pack.sql",apply,2,578,721,25,44,42.8,78,96.7,10,19.6,""
"TVP & Black Bean Burrito Bowl","20260705130000_seed_owner_lean_protein_plant_pack.sql",apply,2,593,684,15,48,55.6,80,112.8,9,2.1,""
"Seitan Stir-Fry with Noodles","20260705130000_seed_owner_lean_protein_plant_pack.sql",apply,3,577,623,8,50,59.4,74,78.8,9,7.6,""
"High-Protein Red Lentil Dahl & Rice","20260705130000_seed_owner_lean_protein_plant_pack.sql",apply,3,589,464,-21,42,20.7,85,91.7,9,1.9,""
"Quorn Fillet, Rice & Ratatouille","20260705130000_seed_owner_lean_protein_plant_pack.sql",apply,3,536,334,-38,46,17.8,70,57.2,8,3.2,""
"Tempeh Satay-Style with Rice","20260705130000_seed_owner_lean_protein_plant_pack.sql",apply,3,562,528,-6,42,33.5,76,69.2,10,15.1,""
"Soya Yogurt & Berry Protein Pot","20260705130000_seed_owner_lean_protein_plant_pack.sql",apply,0,354,357,1,30,34,45,23.1,6,14,""
"Roasted Edamame & Protein Shake","20260705130000_seed_owner_lean_protein_plant_pack.sql",apply,0,381,258,-32,35,40.8,40,11.6,9,6.7,""
"Seitan Jerky & Rice Cakes","20260705130000_seed_owner_lean_protein_plant_pack.sql",apply,2,373,168,-55,32,17.7,50,19.2,5,1.7,""
"Pea-Protein & Banana Smoothie","20260705130000_seed_owner_lean_protein_plant_pack.sql",apply,0,401,239,-40,34,26,55,32.2,5,2.3,""
"High-Protein Hummus & Pitta","20260705130000_seed_owner_lean_protein_plant_pack.sql",apply,2,422,248,-41,28,13.1,55,32.1,10,7.8,""
"Roasted Chickpea & Soya Protein Plate","20260705130000_seed_owner_lean_protein_plant_pack.sql",apply,1,409,317,-22,30,27.3,52,44.1,9,4.3,""